Name,Ticker,Sub-Sector,Market Cap,Return on Investment,ROCE,Return on Assets,Return on Equity,Net Profit Margin,Interest Coverage Ratio,Asset Turnover Ratio,Working Capital Turnover Ratio,Inventory Turnover Ratio,Current Ratio,Cash Conversion Cycle,PE Ratio,PB Ratio,Price / Sales,Price / CFO,EV / Invested Capital,EV / Revenue Ratio,EV / Free Cash Flow,EV/EBITDA Ratio,DII Holding Change – 3M,FII Holding Change – 3M,MF Holding Change – 3M,Promoter Holding Change – 3M,Insider Trades - 3M Cumulative,Bulk Deals - 3M Cumulative,Dividend Yield,1Y Historical Revenue Growth,1Y Forward Revenue Growth,1Y Historical EPS Growth,1Y Forward EPS Growth
Bharti Airtel Ltd,BHARTIARTL,Telecom Services,799751.136594295,8.315411625779102,10.950850792887143,2.071548971771143,8.41408352585173,4.844699702583332,1.5598360981468324,0.3825615484033666,-2.437552882083432,0.0,0.4714620239776064,-219.3880073838,107.10474576058566,7.51332985039401,5.188903299315728,12.24272535299558,3.1177145975670646,6.725157769649321,26.724257829333062,13.8454475176325,-0.299301737778137,1.6665524209748206,-0.2313949678638032,-1.0823633036615306,0.0,-0.8211251022635906,0.5969278918851686,9.439302438695352,7.380836438993244,-7.056616773685169,163.74061115355238
Zomato Ltd,ZOMATO,Online Services,169275.09187048502,-4.622290804517083,1.8008006865862674,-4.990533246672513,-5.403300502613204,2.7081243731193583,5.041666666666667,0.6659353589017025,1.597805652294511,0.0,7.516308119361555,-54.9226177983,482.2652190042308,8.701657921086762,13.060341938931025,,8.230207310217788,12.67443035803449,,184.78435530988196,-0.2084421888889345,0.2321156434903315,-0.3802731561119756,0.0,,-1.4297535094870324,,66.99737154048344,36.24251445185493,133.7837720390713,227.37583612708085
Indus Towers Ltd,INDUSTOWER,Telecom Infrastructure,92793.771401815,9.208227445997464,23.061422144463883,4.315633594245827,9.431345353675464,20.842008583750268,12.0448735382105,0.6126866934630844,14.375905887024713,,1.0667418042828445,21.6419142269,15.37287886448676,4.395829906052489,3.204016732505861,11.738914507870534,2.771617678928461,3.856150412503928,26.080209098550974,7.486453769804661,2.81183528245438,-4.315951102306862,2.533902286656466,0.0,0.0,0.0,,0.0072514813740598,5.45512450027959,195.9146454901957,4.248196819833969
Vodafone Idea Ltd,IDEA,Telecom Services,88090.58017785,,-3.1546664855318576,-14.604116212502356,,-71.7787520335291,-0.1802526634453047,0.2169123272554912,-0.9626469007345864,0.0,0.2316273676459072,64.4946540731,-2.819945329397473,-1.1846644214070643,2.024121565469297,4.66860886960151,,7.467789362640278,24.53487186636847,18.066460997590216,,,,,,-1.8991028621954404,,2.427451811056991,7.427320291173793,11.621300438055238,21.850234009360385
Indian Railway Catering and Tourism Corporation Ltd,IRCTC,Online Services,87496.0,39.88121253746253,50.7939155998947,22.42032622893085,46.26061521692638,27.2659998373587,85.04717566728738,0.8222814627252909,2.083442754881613,24.09464082098062,1.8201525491770372,,86.98539572708205,35.303421562298254,23.717437857472014,108.00375253048932,33.42221450424576,23.216077091973656,115.33940691661282,60.15172350825937,0.7458722499999997,0.7422161249999979,0.5437933749999999,0.0,,0.0,0.5028801316631617,86.54429611650485,11.161421484915016,52.50852854218789,15.77162058715344
Info Edge (India) Ltd,NAUKRI,Online Services,80342.6246514,-0.6128591008922832,5.880604697220283,-0.5783859418991648,-0.6614616819022715,19.497776331489312,40.44429469901167,0.1588571640888079,1.2625767422551577,,2.735975921656424,-438.6015120655,139.6777201867177,5.569343453906071,27.234049466929708,154.27067465081896,5.514973980935107,27.169427490576524,203.8349642729261,80.03833022248408,0.0260843448175869,0.4409327821683249,-0.2777288279272589,-0.0247325560509281,-0.029101620029455,,0.3532645357697488,7.724553959409031,-5.621376352166727,634.8064332929887,69.90807537012114
PB Fintech Ltd,POLICYBZR,Online Services,59490.56257075,-8.152481269883511,1.8160298784871376,-8.007218033250284,-8.942720846953966,1.7542067701171993,3.914210128495841,0.6275103701707215,0.8672479739797215,,7.482293576316412,73.1367372182,888.1839738839957,10.846441542216672,15.580583400969031,,10.22530112122443,15.29514373620114,,303.71149082505593,-2.2957093804521413,2.960878256845014,0.3354900533249534,0.0,,-1.8596476263518256,,35.55083000809416,13.713512663487174,113.84820237777596,514.5698243088992
Tata Communications Ltd,TATACOMM,Telecom Services,51358.425,22.008564735255614,16.83758223186194,8.9447321774981,143.4083395882904,4.556195143709717,2.8056198090506865,1.0585130993938263,-5.640596511063162,0.0,0.5938100989787388,-106.7940003903,53.03759526612556,33.16442270437826,2.416496339855627,11.714034007321496,5.742409562637528,2.735734423801337,20.11036036815036,13.59469219600132,1.0036596491228096,-0.960618947368424,0.5276729824561404,0.0,,,0.9267223439971144,16.27934714100634,18.65416411411709,-46.07730684425031,70.92108416715718
Bharti Hexacom Ltd,BHARTIHEXA,Telecom Services,48330.0,8.857012920204866,12.944644449582194,3.144826954350757,13.95679796696312,6.874275979557071,2.432805710738672,0.4201596463501226,-2.7169888172998595,,0.4717604728024617,,95.81681205392545,11.481173536049411,6.58671209540034,9.460887949260044,4.20476250829413,7.686391822827939,13.545705639350563,17.054915479754452,-24.4084328,5.4233712,3.7600004,0.0,,,,9.201988331944278,11.775189799694544,-54.06955571740703,174.462019487478
ITI Ltd,ITI,Telecom Equipments,29566.49108226,-3.5349911666388314,-5.178777592059694,-3.758966521851312,-14.445106787815298,-24.847400983262453,-0.7170054394503297,0.1512820807449199,-21.27887158389672,1.7569571865443427,0.966668376135414,,-82.16337663543139,12.45250936355366,20.41546365399381,,7.346213906665128,21.56289087600121,,,0.0030341759105065,0.0148264061426964,0.0028530932116802,-0.2847790818861284,,,,-31.53500685481966,,-400.54930284713697,
Sun Tv Network Ltd,SUNTV,TV Channels & Broadcasters,26581.007619,18.370692202603,24.533032764117877,17.918658754668925,19.57179494237688,41.09217269014412,242.8439490445861,0.4360601443439052,0.8520945121012834,,7.225900066784045,,15.577151809354133,2.8652064820413985,6.40099012170571,12.684743866171004,2.400922010933572,5.400108754671726,14.699232168304304,8.085083815199793,-0.0799033973972385,-0.132956470110404,-0.0752036453490623,0.0,,,2.2238695329873983,8.119423347800847,6.752630307467054,3.935314898282445,19.677675386999557
Tejas Networks Ltd,TEJASNET,Telecom Equipments,20572.495127145,-0.7016719708347926,4.664857069081706,-1.274826466391812,-1.4851495244951751,2.483849848949754,3.091402337228718,0.8877848095725777,1.3264003138690903,0.0,6.255881042287217,407.7076905818,326.6512405072237,6.919869465833715,8.113526343931172,,6.490139913306625,7.7371903576873935,,59.34318983376688,0.4103940332238878,0.0760796227887539,0.3465760313370483,-0.2056772620906386,-0.4012701881187011,,,153.41102160746766,274.5827120422152,279.15530951798985,1573.7657681940702
Affle (India) Ltd,AFFLE,Advertising,16465.77219555,16.276600479396734,18.25716831917637,12.765690933431438,18.48375614953862,16.434407503964287,25.67572304995616,0.7767661189094961,2.335069662357223,,2.8857702511715555,,67.31989122838226,11.222734903386089,11.063625255697852,63.25690432404917,10.126977953821504,10.702161015097966,94.73509900404449,46.52086043445882,0.0078891296551741,0.4374657200218159,0.0481414580311696,-0.0154305086675208,0.0,,,29.040872596112145,25.314581933507142,11.909994634832268,15.119528257456285
Indiamart Intermesh Ltd,INDIAMART,Online Services,15806.13910236,13.87473864284358,17.912929167955465,8.881719454323287,14.434945353384848,23.731703851072908,52.0561797752809,0.4404091167253138,0.8557547898311474,,2.7607527509753984,6.891705381,47.323769767544896,7.678511482863653,11.230736892397328,33.21803816985058,6.425555551397074,9.607744139803891,29.48332883230491,27.054700084753897,2.371834291477432,-1.0901755390056564,1.6924465149121488,0.0,,,1.5477136220031995,20.7105057765046,2.157669461418208,137.6968891928265,15.996810438564705
Tata Teleservices (Maharashtra) Ltd,TTML,Telecom Services,15209.33771606,,-4.363059268754197,-88.90096960707034,,-102.35038284328836,0.2424425560256047,0.932119738901164,-0.1263729234721677,,0.026559010075929,53.5983970458,-12.381017970808507,-0.8805659556444071,12.672019293018838,27.252970391449256,,27.67378562113928,74.29797050902582,61.10399153033592,0.0079684275714403,0.2019367747194476,0.0075075921208211,0.0,,,,6.883777261271851,,-7.248462121741563,
HFCL Ltd,HFCL,Telecom Equipments,13927.34375592,11.105801161163528,18.05472566605512,5.655178245122872,10.09541283788205,7.222269668482024,4.08269961977186,0.8580512117098285,2.550066591652171,0.0,1.9056232961123352,205.7039095861,42.228385300385135,4.429619468573282,3.049847863039437,58.91182164849203,3.5695665747440817,3.189532571693854,,21.32349099042546,1.1575306602008082,-0.5278663724676278,1.2413299151586692,-0.1537793524318118,-0.0077595068942641,0.0,0.1976509153678286,-4.674260879367265,27.48451682553866,6.4962758723459215,46.6871244635193
PVR INOX Ltd,PVRINOX,Theatres,13002.32342277,1.5379274160673904,5.182385436623252,-2.816121321737261,-7.703387287928101,-0.5108801507096459,0.9445216731960064,0.5264374346544206,-7.077947025854276,0.0,0.4142669806123891,-79.3269801366,-406.3226069615613,1.774048859868362,2.0758215468125867,15.050727425361732,1.345272241614216,3.303439408459856,90.77321089173068,10.52105223103168,0.9915332625539008,-5.038346636920441,1.2764262582008712,-0.0004255365324432,,0.0,,63.55461089946288,8.590984402190395,92.26695440863104,1389.6300613496933
Zee Entertainment Enterprises Ltd,ZEEL,TV Channels & Broadcasters,12962.2095729,1.0723470769454353,4.511495029785246,0.3544955298706889,0.4429063179010944,3.683505327146531,7.241429191378572,0.6071892880053693,0.9344910828934228,0.0,4.2654053643340175,500.4355325095,42.98099865010933,1.208947068420709,1.5832073749375557,100.48224475116278,1.130527319668481,1.5194501701902088,,17.1997145958688,-8.026808349174246,-9.01511101149834,-4.027412897076033,0.0,,0.6477745135022882,0.7410151908114117,-0.9423849392633964,14.469522101886946,530.9639153033637,149.8511146496815
Network18 Media & Investments Ltd,NETWORK18,Movies & TV Serials,8553.56940023,1.16840614772929,-1.3333546883633949,-0.7289612669583907,-1.8314946665623624,-2.5111132222604957,-0.2065820900152017,0.8741203179679394,68.89435827509791,0.0,0.9782966528477226,416.1458146029,-33.708647882679685,1.861446360536832,0.8464623140272022,,1.7059010512120107,1.8002726747566573,,126.8081653438597,-0.4784641182533637,0.0525996254835909,-0.4779545420991231,0.0,,0.0,,57.73660303139096,,-201.0129707665808,
Saregama India Ltd,SAREGAMA,Movies & TV Serials,8410.57244865,14.191693717919186,18.1777160210864,10.92809825500664,13.595801102540676,23.453337551407767,44.446584938704014,0.465950666128143,0.818827064552896,0.0080830552465702,4.065724955349895,,45.37915424975724,6.250889965551839,10.642926224169567,90.02004119287166,5.695717940477339,9.702793354824422,,27.9218981415462,-0.0356870400933067,-0.7581976385083529,-0.1039461283778097,0.0,,,0.6877397151401329,29.332918726064584,3.529071812717486,15.617168877720433,14.642231952241634
Just Dial Ltd,JUSTDIAL,Online Services,8281.22266116,4.561419477119284,12.50617621395456,3.88841361709449,4.549521338462913,26.916202526012885,51.2769396551724,0.3222111767995144,0.4022079572368617,,7.754410713613964,2.5601154462,22.81768567260905,2.258260703655224,6.141654487388477,46.32074427318492,1.1465261737938566,3.1762814814628038,33.26448668862136,8.20428845860312,-0.7148427332599869,0.4400692383585936,-0.8461972865377012,-0.0081916662610694,-0.0094875982977446,-0.0364596543084453,,36.65865993695967,-10.096200597758768,120.42818238938054,19.69503745318352
MedPlus Health Services Ltd,MEDPLUS,Online Services,8226.74638954,5.555509073719269,5.611299318144599,1.846486037271048,3.423265411400575,1.0810963450819588,1.5679874744068425,1.7079754692270874,4.43331006090955,3.7012146260204855,3.106991480968568,,165.29528610689133,5.519454135887286,1.7870012966943691,90.99376606061276,3.6989802585068734,1.920671029037765,,28.36284327037689,-2.712185253145549,1.975129711628714,-2.5232567998897366,-0.0625370986975681,0.0,,,20.810677471500828,21.80782365167209,-73.92692223922766,1.016542886772777
TV18 Broadcast Ltd,TV18BRDCST,TV Channels & Broadcasters,7354.6050864,2.196028322678941,0.4253069805027041,1.0118234769522378,1.861767974482027,-0.4977060063623699,0.1496845931786562,0.8506014505880384,3.674834587838232,0.0,1.3195785312621793,455.840296937,-151.29819145031706,1.1871648700424529,0.7530201863658657,,1.2235245221020477,1.325511102028195,,55.948896177017296,0.0232871720490752,-0.1002105648558693,-0.022530504908607,0.0,,0.0,,60.50685458292384,,-141.3169947323117,
Sterlite Technologies Ltd,STLTECH,Telecom Equipments,6234.079415735,7.623545285882948,9.23217550274223,1.6095890410958904,6.80830516658619,-0.9195816804904436,0.8211382113821138,0.6331050228310502,-48.22608695652174,0.0,0.9419214763886375,26.224788918,-122.23685128892156,2.9756942318544155,1.1240676912612697,27.5844221935177,1.6065237672010455,1.7174683403777495,,14.929591560713163,,,,,0.003438895859473,-0.0002978670012546,,-20.43041606886657,1.8682715470609463,-135.8572340425532,157.44875590551183
Tips Industries Ltd,TIPSINDLTD,Movies & TV Serials,5684.80300635,56.40328976354826,122.56491177736338,45.08071167668199,64.1461983401794,49.68354430379748,488.2285714285715,1.5079533404029692,2.2335078534031414,,3.089527027027027,41.3286553936,44.70239055083745,41.74477167241886,22.209732014181903,69.09094562894992,40.93665006865913,21.779782021995626,68.3515572137077,32.25196995284929,7.244577622126385,1.2462099943633167,7.2297092058583825,-5.061257174234704,0.0,0.0,1.355425279566249,33.21536379723118,,80.94113895352625,
DB Corp Ltd,DBCORP,Publishing,4963.43265183,8.811331234956484,11.371437439520912,6.610161540025327,8.828551288410821,7.797993773780692,11.707236842105257,0.8476746368086071,2.962778240848285,4.138555759960878,2.4935178741720145,,29.355527867459216,2.548133423601165,2.289142235364926,20.326109389532743,2.304301357077393,2.295958792496253,22.798189466156803,13.784335184355536,0.1126363076312202,-0.002750060873069,0.1280502752947701,-0.003101705081022,0.0,,2.151374008482413,21.230165386292743,7.434681904761904,17.605410910137703,119.42819389638062
Cartrade Tech Ltd,CARTRADE,Online Services,4335.6823664,1.9304337590489096,2.0512680690178557,1.4731050020580152,1.6203014237207374,2.575509248419579,4.8800000000000034,0.2405623794978444,0.5818801089918256,0.0,8.136568929672377,66.3907261659,303.1945710769225,2.0428205646438,7.808804218792212,89.91460734964745,1.582608152913534,6.295971698935577,85.03313953782536,42.35686861020234,0.58261362115078,-2.230450602997905,2.017490649191424,0.0,,-1.4372031510247023,,29.811558963808093,11.661459237700376,-58.07735350000002,579.1341068542997
Hathway Cable and Datacom Ltd,HATHWAY,Cable & D2H,3743.7710175,1.566673110934494,3.3868998703192608,1.3816892839192685,1.5711102448227274,4.607647088844862,135.80952380952377,0.4561182974896172,2.3046481538905703,0.0,3.001901477673751,-63.4537199347,37.6978251686638,0.894633072263245,1.736982743941763,8.258196976882694,0.5177327198151691,1.0064264022214695,35.777354733630226,4.366482180240752,0.0095548596142205,-1.0130471958011515,0.0095548596142205,0.0,,0.0,,7.827961938304817,,51.823942410782365,
Navneet Education Ltd,NAVNETEDUL,Publishing,3541.3673485550003,15.144900839027637,26.105916390624333,13.982390418637712,19.475270291500625,11.519097124449496,23.35333833458364,1.2138443028629242,3.2475743692445564,1.7265178891616784,2.2722532267448123,,17.313813183509346,3.077469583533205,1.994394956554183,,2.6429838996746766,2.1412417628121374,,10.293519637639768,0.0315657998726432,0.1307549801883563,0.028700803248066,0.0,,,1.660811242414564,46.517480671006936,2.3288636338037767,172.2887273929202,-35.731302416509216
Vertoz Advertising Ltd,VERTOZ,Advertising,3157.4701125,11.728284278535533,15.40318686624819,10.202384252841696,13.083669115904245,13.18051575931232,7.857142857142858,0.7740504574438591,2.878350515463917,,2.6989489489489493,,286.0027275815217,30.8166124585204,37.69663458094556,,28.356515725951184,37.727436873209165,,170.1696344911147,0.0,15.91337855515668,0.0,-11.443676037161914,,0.2218629908103592,,96.57357427833844,,80.98360655737686,
Dish TV India Ltd,DISHTV,Cable & D2H,3019.66009256,,234.6321356354017,-30.132869642414487,-3886.7366962945766,-73.3552645911854,-6.511763436218434,0.4107799189376157,-0.4842551916511581,2.9477911646586348,0.143988600965583,,-1.7936372717963336,-3.8282180207152776,1.3157273665323197,4.518217186958538,,1.2691575750245094,9.307196103527604,,-0.1572525905051227,-4.06618513330438,0.0818286470748168,0.0,,0.5918894541818325,,-18.799820266698752,-17.04489054530401,8.071652009177123,102.95486689853784
Vindhya Telelinks Ltd,VINDHYATEL,Telecom Equipments,2986.53598463,6.334630884328397,7.114702799187198,3.3378847213866014,5.574357354511682,6.266571072993888,4.371854485776806,0.5326493041420033,2.9978658799316675,0.700381102874538,1.7148316247183164,,16.117301590016183,0.875437049207382,1.010002159187138,87.30008724437299,0.8846779453827448,1.220519041390482,,10.696896720797886,-0.004370989690793,-0.0317445235844848,0.0,0.0,,,0.595214475616047,96.96652789342215,,-4.128725165562902,
MPS Ltd,MPSLTD,Publishing,2809.03262458,25.575032461509924,33.29734592892486,20.852709477202197,27.622408580933225,21.33367199406041,133.36936936936934,0.9774552399140606,2.3426400585865985,,3.357910616632096,,25.726097853100104,6.629611348752684,5.488321332851393,24.89835689221769,6.101007755008348,5.14095311746317,24.2645022554408,15.706098159016294,-0.0744191332351523,-0.0048229210462684,0.0139718561219178,0.0,,,1.2179150822470513,10.551439618117818,,28.778023364907927,
DEN Networks Ltd,DEN,Cable & D2H,2443.42530925,7.437996394289327,7.431479772365843,6.684246164348112,7.746895611187754,16.670161296585366,96.1867704280156,0.3544406581852014,0.5454129596411608,,6.639879713162156,47.601084619,11.382769539038472,0.7504193107202526,1.8975260421763,17.54452006354563,,,,,0.0095548452739196,0.1352981429500868,0.0095548452739196,0.0,,0.0,,3.630349756152529,,-11.566986390215696,
Mahanagar Telephone Nigam Ltd,MTNL,Telecom Services,2327.85,,79.52913699143619,-24.27817828088668,,-188.12501613361215,-0.2333479978680024,0.1290534282992091,-0.2159737747325346,6.066919000757002,0.4707773775577376,,-0.7985461955123475,-0.1116210355915672,1.50226515914195,36.45810493343775,,19.569948888716794,1503.4610808130883,170.25888495873366,-0.1119047619047624,0.0842365079365079,0.0,0.0,,0.2631746031746031,,-12.900070823918252,,-11.984802910342593,
Yatra Online Ltd,YATRA,Online Services,2275.2847985,8.926979379367861,16.330931950626336,1.243329123721838,5.642447772231456,1.9196417339673404,1.520290474156343,0.6476881085265003,40.10797174571108,,1.0936446173800265,,298.2024637614683,13.42192542767815,5.72441894608398,,6.761970603376377,5.915427072483458,,43.645903072210885,0.0438087355331155,0.4847154302296896,0.070707807702167,0.0,,,,78.25365503632615,11.739276808121158,124.38468209998852,22.59824124244192
Brightcom Group Ltd,BCG,Advertising,2240.55927903,17.235276674429457,35.810880833897066,18.950563296306537,21.32801814334647,18.551319227474902,4635.439024390246,1.5352883374916646,2.778092706966744,,6.685224737766386,,1.6342518446608305,0.4231869885541383,0.3031752766839279,7.797589194090624,0.2824765518548528,0.2023689505622903,9.143298153879073,0.6904496967009525,0.0682115471928799,0.997716163960538,0.0682115471928799,0.0,,0.0,0.900633110619423,47.29449891078394,,14.510651696983729,
Jagran Prakashan Ltd,JAGRAN,Publishing,2026.36127232,10.043388516786706,13.017175998215464,6.5821784134983465,9.333009513756863,9.987554915808238,7.561026172583561,0.6590380197139258,4.083744948361024,6.779941071119072,1.6654898884239888,,10.140425723464965,1.0496725006449208,1.012780587827808,7.463577430276244,0.921728494174144,1.0936136587647882,9.181316181268883,5.490405420721157,-0.1334685496088035,-0.483694158780398,0.1010777312011583,0.0,,0.0,4.296455424274973,18.48528993746445,-2.136842187335996,1.1190478232563847,22.95293266965904
Media Matrix Worldwide Ltd,MMWL,Advertising,2020.812118696,3.3937684105713086,4.754397610355139,0.4325314137778697,0.7394413709351098,0.1444553401027029,1.6828193832599154,2.994222390604281,8.354754878209928,51.86375545851528,3.813492805083161,,1475.0453421138425,14.332000841815605,2.130781765619629,,8.781654228502676,2.2318266943936567,,162.3191808815948,0.2207033478638267,0.0,0.0,0.0,,,,61.268874982995534,,12.295081967218918,
GTL Infrastructure Ltd,GTLINFRA,Telecom Infrastructure,1985.088246785,,-3.1344682575872724,-36.98390194404102,,-47.87352889513438,0.1536846812157647,0.2897080121847333,-0.2004252832287728,0.0,0.103743750174916,63.1718092263,-2.913420580581484,-0.4371728499726919,1.3947572434814683,3.992855915168154,,4.164347968933778,11.921530788448385,14.753829151610573,-1.166594562609795,0.0185506450706361,0.0,0.0,,0.5058754654975472,,-4.179542593228436,,63.80364631974066,
GTPL Hathway Ltd,GTPL,Cable & D2H,1954.04528525,9.114924428615565,13.37263896799619,4.583428863333769,9.75887569530382,3.296622048335671,7.586899563318781,1.3056638228893906,-5.396412421864611,0.0,0.4810292861990702,-59.9745588656,18.260398890290617,1.6153005970439194,0.6019763359313627,3.349409127956805,1.4701506168229113,0.6154881425886847,17.34744538725363,3.910254208419775,-0.0058330275587967,0.0003272186191516,0.0,0.0,,,2.302158273381295,19.569981987424367,,-6.140983643703233,
Signpost India Ltd,SIGNPOST,Advertising,1545.774,11.714198098742727,0.0,5.312228967909808,21.46298729741571,,,0.0,0.0,,1.2319974953036943,,,122.29224683544302,,772.887,47.77442502299908,,778.962,,,,,,,,,,,,
Spacenet Enterprises India Ltd,SPCENET,Online Services,1493.9079772799998,5.561653860226812,5.227563516724503,4.152887795124165,6.084507042253466,1.862582781456937,8.41176470588228,2.229639314004461,5.821686746987951,26318.0,2.1072095629435936,,553.2992508444494,27.431288602276897,10.30565657615894,,27.32908849762166,10.304966730684328,,481.8735410580682,0.0,0.0,0.0,-0.0222427539265943,,-0.559124348169269,,231.1100959342165,,69.1683616052058,
R K Swamy Ltd,RKSWAMY,Advertising,1402.76252739,46.569672645177455,71.59745825328795,8.679470621727836,101.4775125832115,10.419792604447997,8.239795918367346,0.8329792109319669,-27.32665148063783,,0.9953246330853356,,44.88840087648002,31.007129252652515,4.677278274782434,48.08921931402126,17.824815344161546,4.738663356973759,58.43637036965461,22.497586312965023,-2.1843547273116606,-2.1379278633711376,0.0708160733269878,0.0,,6.185733045355594,0.1584628158078815,22.427235988080184,,56.02252701410079,
New Delhi Television Ltd,NDTV,TV Channels & Broadcasters,1394.51350521,16.330083565459628,-4.760730903152242,10.310172647257966,17.24467407459836,-5.143409767643084,-3.3660130718954187,0.831351557210562,5.810854776693287,,1.5635605203619911,-99.7079137968,-69.00116304849094,4.521475602133455,3.5490125600234137,,4.22396019628387,3.396110007405899,,,0.0,0.0074436260109484,0.0,0.0,,0.2344641373342329,,-5.379632528234646,,-141.54315172994046,
TV Today Network Limited,TVTODAY,TV Channels & Broadcasters,1323.151537625,10.615755552464414,9.349475420883246,7.104355282173494,8.885219160012484,5.695754955246198,23.52923976608188,0.7969534360394668,1.3036051756494251,,3.90832350860646,-179.5738232357,23.46845579327775,1.597160370847617,1.336705733765381,32.477946431639666,1.4994685603294384,1.3068126175671306,147.4984649515393,10.615144736788116,-0.0156061943116974,0.1604193427315183,0.0,0.0,,0.0,3.8331454340473514,7.383380342807544,1.7838179136443502,-36.09832142452404,116.93544973544974
Matrimony.Com Ltd,MATRIMONY,Online Services,1247.25362983,16.38368796535717,22.83585503741707,9.464624243468736,16.57229076062838,9.763354416661736,13.5164410058027,1.029004166624426,2.5866972477064225,,2.053537765489506,6.6736301313,25.17161715095864,4.929856244387352,2.457594194853303,21.808946141458296,3.1526328852300693,1.9939777143898645,19.955898833169,10.296740230260482,0.1190316768372419,-2.5443138846046303,0.2241418091026963,0.0,,,0.8921786422475037,5.698219306466723,3.965951409824443,7.661942050128582,12.386792452830177
Panorama Studios International Ltd,PANORAMA,Movies & TV Serials,1231.905025,40.2882205513785,69.97919471300949,15.134827579199795,73.40100522321882,9.891627709307285,7.359073359073368,1.5300644164922477,8.422371364653241,0.0012070613086556,1.4222264103530595,,33.08015641783023,17.845936911487758,3.272165918508287,29.69161303928657,11.429242973505191,3.39161449479388,32.00990285785911,22.04168867598824,0.183565287429524,0.0,0.0,-4.938828082778272,0.0,0.0,,306.96140957734303,,4241.24815190971,
Entertainment Network (India) Ltd,ENIL,Radio,1141.944791325,0.6257689533749108,5.894500320992943,-0.981228085374138,-1.4276331937985514,5.754822254104901,3.581924577373215,0.5148438105573212,2.1084926800119512,,2.852726914746998,-552.7121311357,35.1475774492151,1.5301007494439385,2.022680608826186,12.334681262961764,1.1248194723654068,1.8784646568627452,12.589325633012823,7.862145387537994,-0.3783562614254565,0.3610478322875936,0.0,0.0,,0.0,0.6261740763932373,22.14313530353511,9.703661193474677,406.5792488847586,83.86763005780345
Sandesh Ltd,SANDESH,Publishing,915.256540215,9.62730564349491,12.577024751404084,9.515410235961909,10.112824501313709,26.316199174861826,891.2666666666667,0.3615799596566121,0.823685307287047,4.641102257636121,10.60438144329897,,9.024418657217511,0.8675252983024019,2.374883988206752,9.54286873334376,0.4596941671390115,1.258430525480682,5.210986786451059,3.4748623645124312,0.0,0.0088249814615939,0.0,0.0,,,0.4135136252739527,7.897978610224543,,12.92729094755601,
Zee Media Corporation Ltd,ZEEMEDIA,TV Channels & Broadcasters,813.057284,-6.670758110434878,-7.950539817292601,-7.465520796032853,-16.310854541790626,-9.300439337614051,-1.451971688574316,0.802706251288562,13.18627450980393,,0.708135562475436,,-11.817693081395356,2.0991332558799987,1.099097376140588,5.030672466278926,1.701933691334663,1.3495603703954038,18.53922532961931,20.554607453160365,-0.0406954474809182,-0.3359606086500548,0.0,0.0,,-0.0029765184417189,,-15.631664784845068,,48.78143592188992,
Hindustan Media Ventures Ltd,HMVL,Publishing,756.4675080899999,-1.358858811409357,0.3686441793717244,-1.7432494279176198,-2.4851163776933234,1.2266081510885367,0.4252088078967343,0.3712494279176201,2.398167036215816,0.0,1.2305432306031898,-13.0022073927,76.02688523517594,0.5126403692592315,0.9325519713133952,14.469539175401682,0.1899795274268269,0.3705558668729504,7.870843364493321,9.317653691568506,0.0,-0.1388297148310227,0.0,0.0,,0.0,,2.486418193303841,,126.11094507744816,
Balaji Telefilms Ltd,BALAJITELE,Movies & TV Serials,717.30215892,-5.663104842648091,-3.917641599296544,-5.412335462816576,-8.71482693503169,-6.121877265836108,-1.9656862745097847,0.8840973491939772,2.5347312142349936,0.0032797954951044,1.751237841064719,,-19.308268073216773,1.7611150476798425,1.1820284736009492,,1.5382042916137602,1.2975778770680904,,,-0.2472085880089909,0.3349885142425499,0.0,-0.1348107220712293,,0.0,,76.31984193857686,,71.9283663291523,
Birla Cable Ltd,BIRLACABLE,Telecom Equipments,717.3,12.80440125111708,14.916647178699115,8.166807160212239,15.838061352053105,3.16064469157305,3.0026899798251554,1.7367233599444638,5.011375017885249,0.0,2.090841492130375,141.7078309977,32.39837398373975,3.126580071484613,1.0239974874730544,,2.349000223413762,1.20077374409342,,15.17189754689753,0.0,0.33162,0.0,0.0,,0.0,0.7319113341698035,-12.077167350729878,,-32.78688524590172,
Raj Television Network Ltd,RAJTV,TV Channels & Broadcasters,700.31101056,2.7691369319914654,3.251876082355209,0.5725825004473343,0.7822594726733076,1.31070801638386,1.4824561403508796,0.4368497737787888,3.5020491803278686,0.3306451612903225,1.2602197802197803,,625.2776879999954,4.87206769556143,8.1955647812756,22.73737047272727,4.379756087587679,8.403288596372148,103.31813101582736,107.01356342175843,0.0,0.0,0.0,-0.0330782004719196,0.0,,,22.702469844916727,,2.7522935779806645,
Music Broadcast Ltd,RADIOCITY,Radio,687.169720735,1.1796238043268967,1.608453658143104,0.5250906315588669,0.6097398856737763,1.5739385065885922,2.5498721227621552,0.3336157221904217,1.9047453048063097,,4.084227910817506,,199.75863974854497,1.3095182862982373,3.1440781512399343,22.544938344324148,1.2243367155662197,3.490390376715776,37.08603406587263,17.836327349427158,-0.0040690150190653,0.2318592218001544,0.0,0.0,,0.0,,17.993845489391557,,160.35087719298306,
Digispice Technologies Ltd,DIGISPICE,Telecom Equipments,675.30532293,-6.092556348254319,9.84247110599268,-2.9251806938074254,-8.470743040421084,2.314970938882388,11.846534653465348,0.7158314755122617,13.711682306541574,0.0,1.0676102996536665,,57.86678002827762,2.8974356327712707,1.339599140921624,113.49669292941176,1.19040129720942,0.7480417427347207,,12.140866803927883,-1.7467075449082489e-07,0.0580467594781484,0.0,-0.0276612475687301,,,,-51.6418053623675,,157.24824420388342,
HT Media Ltd,HTMEDIA,Publishing,619.8711547600001,-4.97323175637422,-2.635284228223179,-5.339933559188239,-9.803490247836928,-4.272847274867069,-0.8062234794908063,0.4431729011704671,-30.07781232559997,0.0,0.8163063268092854,-24.0641258914,-7.6907091161290335,0.2877246713733353,0.3286122548864727,,0.3590193104685851,0.5748576096229188,,19.189013533179978,0.0,-0.1637485545867369,0.0,0.0,,0.0,,1.2821820720019472,,64.49197932157156,
UFO Moviez India Ltd,UFO,Movies & TV Serials,510.81519392,-0.5592272496187072,-0.9538724373576292,-2.519294902334444,-4.857169100762375,-3.223918450958396,-0.3009883198562438,0.7814387803716055,13.650466045272967,6.996733551096593,1.0250086835706842,,-38.63957593948564,1.9013444276036624,1.245708418085158,84.29293629042904,1.465242806089958,1.3354269958542653,,11.858059634473795,-0.1443991896226322,-0.1434734292618666,0.0,-0.0135784405034229,,0.0,,138.65673379117683,,86.74062535396817,
MOS Utility Ltd,MOS,Online Services,490.1089428300001,20.795554255630304,21.31027764247443,12.59004765599025,31.963984243106367,5.179646179099034,6.118881118881119,2.430677158373047,59.59782608695652,0.0662251655629139,1.4460163812360387,,86.28678570950704,18.57176744334976,4.4693501990698525,181.52183067777776,14.523513975723898,4.528168364307861,,45.5976990661157,,,,,,2.175230698141545,,35.60034623469765,,16.731148112134086,
Reliance Communications Ltd,RCOM,Telecom Services,452.80191825,,19.89042722586565,-34.39857651245551,,-2859.763313609468,-313.6170212765957,0.0120284697508896,-0.0071292474917563,35.0,0.2929132579891583,,-0.0312298722842954,-0.0060457423393772,0.8931004304733728,,,93.33491502613413,,,-0.0036881135808517,0.0,0.0,0.0,,,,-13.184931506849315,,-119.01812688821752,
Shemaroo Entertainment Ltd,SHEMAROO,Movies & TV Serials,428.678865005,4.4057422167422615,7.525316036799261,0.9703095650730076,1.6057842581620223,1.6695534167812456,1.482882295402674,0.5811791077303058,0.9975330192460125,0.5316380594955572,2.289933195116333,,45.84800695240638,0.7297531025058305,0.7654569666000036,,0.8179343707395746,1.326676901246362,,14.65730647080292,-0.1397943382483674,0.0327109595193979,0.0,-0.1053962947231355,-0.0478253465433807,0.0,,46.12273652350885,,77.4193548387105,
Kore Digital Ltd,KDL,Telecom Infrastructure,422.42316,43.57326478149103,204.42260442260448,12.740623139511817,77.72397094430998,10.934526075371144,48.94117647058823,4.170668783488788,37.52857142857145,0.0,1.1357758620689655,,36.7644177545692,73.59288501742162,4.020014845831748,982.3794418604652,54.55053470437018,4.038857632280168,,24.84796018735363,0.0,0.0,0.0,-8.690507621121398,,-0.0476190476190474,,394.02914903620126,,170.9196261682241,
Valiant Communications Ltd,VALIANT,Telecom Equipments,408.0249294,5.086206896551717,6.749710312862101,4.510067114093953,5.2516411378555725,5.31141321530192,25.88888888888886,0.8491275167785235,1.355184233076264,1.0161917098445596,5.41016333938294,,242.87198178571467,12.371889915100065,12.899934536832122,132.47562642857145,11.538072683908048,12.694433430287702,,90.2303212134832,0.0783867893662731,0.1638686638542434,-0.0002202864380075,-2.414520729730384,,,,113.28388401888066,,164.12213740458003,
SAR Televenture Ltd,SARTELE,Telecom Infrastructure,401.25,21.46752602875556,23.366336633663348,27.420494699646618,66.32478632478625,11.93478929560134,10.48888888888888,2.2975265017667845,5.683566433566432,,3.9225,,103.41494845360836,34.061969439728344,12.342356198092896,,20.27367377293009,12.578283605044602,,71.11652173913048,,,,,,0.0,,584.4210526315788,,1454.7333515689647,
Vantage Knowledge Academy Ltd,VKAL,Publishing,354.1989875,22.92134831460674,30.58568329718004,20.54380664652568,25.85551330798479,48.11320754716981,,0.4269889224572004,0.6347305389221557,,3.876923076923077,,347.25390931372544,79.59527808988763,167.07499410377358,,79.54583988764044,166.9712205188679,,249.28097711267603,-0.0266012655538461,0.0,0.0,-8.495799338733503,,0.0,,226.15384615384616,,385.7142857142856,
Sri Adhikari Brothers Television Network Ltd,SABTNL,TV Channels & Broadcasters,340.6332768,,24.23931623931624,-17.28284716015276,,,,0.0,0.0,0.0,0.0255068998156727,,-16.01472857545839,-3.417953810957255,,2620.255975384615,,,2636.717513846153,,,,,,,0.0,,,,-0.1412429378531089,
Crayons Advertising Ltd,CRAYONS,Advertising,286.93035,26.98828606658442,39.85371661847248,12.890943704106585,36.433512682551815,5.90097460340043,25.467391304347792,2.1845448541124366,12.481243063263037,,1.458584442887176,,17.295379746835476,5.330305591677503,1.020595966422423,,4.35604731812577,1.0052655260724197,,11.521416632694672,,,,,,0.0,,44.88018551919606,,128.98550724637315,
Empower India Ltd,EMPOWER,Online Services,275.82025872,0.0578900769597494,0.0717164128133324,0.053757118618442,0.054650408170236,1.641025641025642,21.00000000000001,0.0327582441581131,12.037037037037056,1.7901828681424448,1.0376344086021505,,1723.8766169999983,0.9420090803278688,28.289257304615383,,0.9414978503030714,28.35694961230769,,1316.5726605714278,0.0,0.2494667118337042,0.0,0.0,,0.0097002182233323,,53.30188679245283,,277.77777777777817,
DRC Systems India Ltd,DRCSYSTEMS,Advertising,251.685267,21.418149985409983,24.52619843924192,20.930959075288968,32.63516804676084,22.43804420629605,13.75,0.9328334895345204,3.903267973856209,,4.163522012578618,,37.5649652238806,7.344186372920923,8.428843503014066,95.69782015209128,7.275029676101547,8.349473107836571,,24.9315267,0.0,-0.0111507917545289,0.0,0.0,0.0,-2.5073045167660317,,50.57992939989915,,2558.7346880728514,
Tips Films Ltd,TIPSFILMS,Movies & TV Serials,245.86414125,23.73036170990134,0.968740637171672,20.91784118253695,30.50316435866908,1.3881877839474948,2.063829787234032,0.6809900309384669,1.2917108158774149,,2.672479320366644,255.5632101165,223.51285568181925,2.6744712417056453,3.1027781581272085,,2.3293217140116917,3.218250141973751,,146.5598512931039,0.0,0.0,0.0,0.0,,,,10.747728860936402,,-95.52436714872636,
Maxposure Ltd,MAXPOSURE,Advertising,226.2724525,15.288656803017124,20.75872534142641,9.602048436999896,15.57093425605537,13.408820023837906,8.883116883116886,0.7160994345460365,5.073318216175359,5.833333333333333,1.199748743718593,,50.282767222222205,7.266295841361595,6.742325759833134,318.6935950704226,6.595951624601103,6.774804901668653,,31.57811840277777,-1.6358155661922664,-2.5152863007042368,0.0,0.0,,-0.4939476355268825,,1.0538994278831648,,1185.7142857142685,
Bodhi Tree Multimedia Ltd,BTML,Movies & TV Serials,221.804,12.792251169004668,20.292721518987328,9.796533534287857,19.112025874742702,7.5899112564222255,8.844827586206893,1.2907309721175582,2.9531034482758614,5.054071661237785,2.0430693069306933,,68.24738461538468,8.914951768488747,5.179915927136852,,7.4306613226452916,5.19556282111163,,41.739962476547866,0.0,0.6267205505761844,0.0,0.0,,24.85639404609476,0.2816901408450704,-27.88817783765577,,-32.69785753051733,
Diksat Transworld Ltd,DIKSAT,TV Channels & Broadcasters,221.654225625,6.185897435897441,6.042692939244668,4.674376141205116,8.795235913879988,4.599904168663156,184.0000000000001,1.0161898965307363,2.5296969696969698,0.0,2.260350877192982,,115.4449091796874,9.725942326678368,5.310355189865836,633.2977875,7.348532872596154,5.492913886559655,,73.95942762096772,0.0,0.0,0.0,0.0,,,,25.87454764776842,,143.03797468354617,
Eros International Media Ltd,EROSMEDIA,Movies & TV Serials,204.776644065,-3.876493309646823,-3.82023996141324,-4.995028969111042,-11.022847632016946,-15.40759540521606,-0.7347441658211338,0.3241926360176899,-3.4348566369270586,0.0351082504388531,0.8872818115538019,,-1.7568346265013726,0.1975311996614192,0.2706859711900702,1.1434925400100513,0.253806936506837,0.4117019524725383,1.7491668205380206,,0.0,0.0204954184065433,0.0,0.0,,0.0,,62.449268826902006,,-1437.3356044533778,
GTL Ltd,GTL,Telecom Infrastructure,191.115588915,,-4.000226991643036,24.009568574785977,,54.55768932139345,8.301697263595429,1.621537686755078,-0.0633993421813685,,0.0330022546633446,,0.9066204407732448,-0.0318902818355356,0.4946311634013148,10.570552484236728,,15.545125495406078,384.0361629741049,24.525625107860357,0.0,0.0472279213393438,0.0,0.0,,0.0,,32.12282861441662,,268.4280484880263,
E Factor Experiences Ltd,EFACTOR,Advertising,181.9245622,42.701092353525375,77.19298245614041,14.199395770392773,103.7241379310346,6.295521138551703,10.5925925925926,2.25547583081571,-103.86956521739113,,1.0906056270863138,,24.19209603723401,16.523575131698447,1.523018519882796,102.78223853107345,9.109958401191657,1.535994660527417,,14.820239273020988,,,,,,,0.3653243706967678,109.52464479915808,,196.06299212598455,
Baweja Studios Ltd,BAWEJA,Movies & TV Serials,173.76661943,39.689995302959126,52.860520094562645,21.09727007686191,58.72371818517151,10.43523859465128,22.81632653061224,2.0217333686721446,6.467147096227217,0.0025212732429877,1.6043771043771042,,21.82997731532664,8.745174606441871,2.278010218012585,46.7114568360215,8.166586163926725,2.279321177635029,76.93213249115043,15.105701079930496,1.10689323699079,0.8639495922315302,0.0,-29.303841834323578,,0.0,,86.18501342445693,,132.955509639421,
Touchwood Entertainment Ltd,TOUCHWOOD,Advertising,171.7592975,9.572455542943633,13.404726735598237,9.418493803622503,11.806883365200774,6.618435155412652,60.50000000000004,1.423069590085796,2.192714453584019,,4.314327485380116,,69.53817712550602,6.565722381498471,4.60233916130761,64.81482924528302,5.790741486946651,4.100999397106109,70.85615625,36.09653242924527,0.0,0.0,0.0,0.0,,,0.2074668330545541,39.35772964899178,,17.061611374407573,
B.A.G. Films and Media Ltd,BAGFILMS,Movies & TV Serials,170.2095574,2.383920224368961,3.378406664713022,-0.438207522562472,-0.8552447374449592,-1.4957264957265004,0.8649517684887454,0.2929730293703375,1.4040877554847175,0.0897027600849256,1.555769495255123,,-101.31521273809491,0.8704145098440299,1.5153984811253562,,1.070363220317856,3.058044492521368,,25.80612752817432,0.0,0.0086682323985644,0.0,0.0,,,,-8.160261651676215,,-160.43165467625914,
Mukta Arts Ltd,MUKTAARTS,Movies & TV Serials,157.080066,,-2.495517035265987,-7.626016260162601,,-10.760582769301363,-0.2377224199288253,0.70869918699187,-3.807797313530632,19.18018018018018,0.568769484687328,,-8.373137846481876,-12.397795264404117,0.90099842835838,8.87458,,1.566250235172651,73.40324354838712,16.970793412057176,0.0,0.0,0.0,0.0,,-0.0442767830260525,,13.77667558572082,,-401.1235955056188,
Pramara Promotions Ltd,PRAMARA,Advertising,150.7038,12.560777957860635,21.69312169312173,3.59980541592348,14.904330312185362,4.336784528228188,1.6482412060301532,0.8300632398248745,2.444603629417383,1.5085995085995083,1.7037869062901156,,67.8845945945943,9.389644859813083,2.9440085954287945,26.673238938053096,3.640474068071313,3.5103301426059774,31.80421238938053,23.67507246376809,0.0,0.0,0.0,0.0,,0.3025260928755104,,3.560590734371849,,-49.40170940170921,
Digicontent Ltd,DGCONTENT,Online Services,149.407734075,,21.93211488250656,-6.4270888038612535,,1.3755421888854362,1.724059293044472,2.0871283167029286,-35.43864118895964,,1.1904708012675418,14.2253495,26.029221964285547,-25.195233402192216,0.3580429295573821,6.075955025416836,,0.6728599632749407,12.98094008668516,5.764272922911102,0.0,0.0,0.0,0.0,,,,17.626000676513698,,144.82895503501948,
Digidrive Distributors Ltd,DIGIDRIVE,Online Services,148.68275457,3.4629806631865327,4.446764091858039,,,9.233518665607631,106.50000000000004,0.6875085324232082,,,8.539285714285718,,31.97478592903224,1.0967231287895554,2.9523978270452744,,1.0551632568928755,2.849736985107228,,21.073825928046983,-1.159209020261399,-12.43108676860252,-0.5045135485810371,0.0,,0.7779700055220311,,,,,
Accel Ltd,ACCEL,Movies & TV Serials,142.894699282,7.536848503266952,12.906504065040616,1.47372806332342,3.7683089214380345,1.7558009678619952,2.149506346967555,0.8393480185387698,-84.83157894736831,8.63425925925926,0.9721799939191244,,50.49282660141408,2.3284128936288084,0.8865535381685075,8.361304814628438,1.5838375572253456,1.293365797754064,22.3914822,9.248655691304362,0.0,0.0,0.0,0.0,,,1.20870265914585,37.42006991218347,,-52.18874786344229,
Quadrant Televentures Ltd,QUADRANT,Telecom Services,121.227533064,,-2.3989079900529777,-61.70206515672275,,-26.05890672688023,0.1445792946159484,2.367791780499984,-0.5027789387011657,0.973304157549234,0.0619246300294186,,-1.1543280619310607,-0.0508270232124439,0.3008052729808194,3.0382840366917296,,4.48928694837349,78.55959761458968,45.43514648578604,0.0,0.0,0.0,0.0,,,,-8.746943211665615,,10.415422673377138,
Suvidhaa Infoserve Ltd,SUVIDHAA,Online Services,119.28299675,-1.8954703832752555,-1.89226519337016,-1.494203520824384,-2.4043111786651865,-4.233576642335756,-3.605263157894725,0.3529411764705882,2.506861848124428,,1.3504793079261164,,-68.55344640804616,1.6624807909407664,2.902262694647202,3.167365819171535,1.333839675958188,2.328540066909976,2.5754304830462864,7.650119644284569,0.0,0.0,0.0,0.0,,,,-10.340314136125638,,39.98666116777795,
Cinerad Communications Ltd,CINERAD,Advertising,117.328405545,-8.849557522123902,-8.849557522123893,-8.368200836820085,-8.474576271186447,-200.0,,0.0418410041841004,0.2272727272727273,,12.5,,-1173.28405545,103.83044738495585,2346.5681109,,103.768500482301,2345.1681109,,,-0.0798688796340192,0.0,-0.0798688796340192,25.17820346428259,214.6425961538461,0.496519230769231,,-16.666666666666664,,-42.857142857142826,
Cinevista Ltd,CINEVISTA,Movies & TV Serials,109.70366725,-12.214013346043853,-34.3597911689231,-15.520683154042366,-27.009553218180063,-1133.198380566802,-5.1842456608811744,0.0136963513363646,0.5860023724792398,0.001638538423726,0.3633725616637111,,-3.919387897463379,1.223824935854529,44.414440182186254,,1.0930866733198286,74.27678836032392,,,0.0,0.0,0.0,-0.1741053920875117,0.0,,,71.5277777777777,,-69.73923590054576,
Sambhaav Media Ltd,SAMBHAAV,Publishing,101.2887452,0.1056676272814682,2.7856617260590784,-2.4001846295868834,-3.051822290040485,1.391788448155883,1.2211981566820282,0.3979690745441956,1.5479353680430876,0.0,2.887768817204301,160.1683643926,168.81457533333295,1.1891141723409249,2.34954175829274,23.500868955916477,1.1704970720461094,2.826461266527488,29.86488852941177,15.30763130653266,0.0,0.0,0.0,0.0,,0.0,,-0.0231910946196789,,114.70083384615388,
Madhuveer Com 18 Network Ltd,MADHUVEER,Movies & TV Serials,88.3127205,0.2949852507374634,0.2945508100147277,0.2886002886002888,0.292825768667643,13.333333333333345,,0.0216450216450216,0.0258843830888697,,291.00000000000006,,4415.636024999996,13.025474999999998,588.7514699999999,,12.995976474926252,587.4181366666666,,4405.636024999996,0.0,0.0,0.0,61.16411235457298,,,,-54.54545454545454,,-88.88888888888889,
Radiowalla Network Ltd,RADIOWALLA,Radio,87.3981264,26.81818181818183,28.90442890442893,15.235250186706509,54.98652291105125,7.270135424091237,7.750000000000003,2.095593726661688,23.77966101694916,,1.456919060052219,,85.68443764705879,26.088992955223887,6.229374654312188,78.7370508108108,20.097301454545452,6.302788766928011,1768.5625279999983,58.1763989473684,,,,,,44.04596348171949,,33.61904761904761,,117.0212765957447,
Graphisads Ltd,GRAPHISAD,Advertising,86.7219925,11.106506423539171,16.18541033434651,5.254453527382702,13.560975609756111,5.613893376413576,4.29435483870968,0.935973160705004,2.9975786924939465,0.0,1.730760601301324,,15.597480665467607,2.0233782664489035,0.8756259339660742,14.526296901172527,1.5469262674402542,1.1306743992326334,,9.703812175043325,0.0,0.0,0.0,0.0,,0.0,,10.387873383860914,,-0.1795332136446502,
Pritish Nandy Communications Ltd,PNC,Movies & TV Serials,84.48728,-5.12577765756018,-4.482922201138518,-4.14810099724167,-5.281642577333511,-20.76473712161443,-31.499999999999982,0.1997666030129429,0.3261453191305101,0.0,8.14303638644918,,-21.60800000000001,1.1708325942350333,4.486844397238449,,1.163609413037598,4.569159851301115,,,0.0,0.0057164581461256,0.0,0.0,,0.0,,-58.24833702882484,,-1084.8484848484943,
Vels Film International Ltd,VELS,Movies & TV Serials,76.1572,3.6489578823675024,6.749953384299843,0.9174311926605596,3.973695256751124,2.3206406275535447,1.6160714285714315,0.3953353146401343,2.25460574797347,0.0205615741764315,1.3322122571001498,,53.63183098591496,1.4404615093625874,1.2446020591599931,,1.0898460016080154,2.879836574603693,,18.686871686108137,,,,,,,,125.1287711552612,,-64.48276479428407,
Baba Arts Ltd,BABA,Movies & TV Serials,74.13,4.4054747647562,5.6587837837837816,4.249114767756714,4.459991254919105,26.631853785900766,133.99999999999994,0.1595500937304728,0.1914521369657585,0.1226993865030674,37.315789473684205,,72.67647058823533,3.1706586826347305,19.35509138381201,,2.657399486740804,16.221932114882506,,44.37857142857144,0.0,0.0,0.0,0.0,,,,-79.7568710359408,,-65.65656565656568,
GV Films Ltd,GVFILM,Movies & TV Serials,70.42634314099999,-0.7949561403508766,-0.5073995771670186,-1.478012731396795,-4.718523709413687,-71.63120567375884,-0.1666666666666665,0.020633643081876,-0.2247011952191234,0.0,0.8499665103817816,,-69.72905261485148,3.371294549593105,49.9477610929078,39.344325777094966,2.35187344136513,60.848470312765954,87.54728891938775,190.6585403133333,0.0,0.0,0.0,0.0,,-0.5466703402913534,,38.23529411764706,,25.73530089756519,
Mediaone Global Entertainment Ltd,MEDIAONE,Movies & TV Serials,60.33728,,11.079464540017092,10.295905958654233,,17.84543325526932,48.625,0.576949060937711,5.344180225281604,0.1704918032786885,1.844155844155844,,15.836556430446194,-1.5647634854771777,2.826102107728337,9.059651651651652,,4.354907728337237,13.981545864661657,17.74375572519084,0.638430706521739,0.0,0.0,0.0,,,,636.2068965517242,,185.42600896860984,
Inspire Films Ltd,INSPIRE,Movies & TV Serials,59.8809156,22.73342354533152,31.96078431372549,11.201996395397195,38.16721776098251,8.270214943705218,6.519999999999999,1.3544988215721614,5.8154761904761925,0.0050718512256973,1.6136792452830186,,14.822008811881192,4.567575560640733,1.2258119877175029,,3.092508597203428,1.4034987840327533,,9.615836690042077,,,,,,-1.738036192905636,,28.013626834381576,,1405.737830172163,
Punjab Communications Ltd,PUNJCOMMU,Telecom Equipments,59.793188745,-83.637339055794,-68.16790555312636,-15.253989167032644,-58.92554194156457,-83.7620578778135,-389.75000000000006,0.1821109647196603,1.3262260127931762,0.2780320366132723,1.07313263277478,,-3.8255399069097886,3.2077890957618025,3.2043509509646304,,0.8531753618562232,0.8522609188102894,,,-0.2256735003303928,0.0,0.0,0.0,,,,-0.0535618639528778,,-25.140112089671785,
DSJ Keep Learning Ltd,KEEPLEARN,Publishing,57.61347071,9.868421052631602,20.068027210884352,1.0857763300760053,,0.8695652173913051,2.3600000000000003,1.2486427795874049,3.807947019867549,,2.054421768707483,,1152.269414199999,411.5247907857335,10.01973403652174,91.44995350793651,19.86298378618425,10.50147316695652,6038.347070999995,76.4347730506329,0.0,0.0,0.0,-0.0153605434312353,-0.0153651102644177,,,16.161616161616156,,-96.25905510409214,
Next Mediaworks Ltd,NEXTMEDIA,Radio,51.8420037,,-22.268803945746,-14.683754475172524,,-51.8345407805562,-0.8741529525653438,0.4440408862138743,3.1932835820895527,,2.2594296228150874,-12.4705386245,-2.337331095581605,-0.4905100170309395,1.211544839915868,,,3.8834307945781728,,,0.0,0.0,0.0,0.0,,,,4.697822363591886,,-56.95014456537097,
Diligent Media Corporation Ltd,DNAMEDIA,Publishing,51.20298783,382.25499524262585,456.2707051585421,74.12926142916456,,76.08067799820084,19282.0,0.9743506942842646,-0.91884366911013,,0.1087807756262404,,0.3186445194473831,1.2179587970980013,0.242426910799678,0.5498602644974226,1.155637198620361,0.2300221951138677,0.5240883261057173,0.2518297109164421,-0.0009600025717874,0.0,0.0,0.0,,,,454.50249409293775,,570.9394572025051,
Shalimar Productions Ltd,SHALPRO,Movies & TV Serials,50.200743963,0.0586854460093898,0.0881661442006271,0.0574025352786416,0.0588552650939233,2.752293577981657,,0.020856254484573,0.0681143571316981,0.041407867494824,16.04761904761905,,836.6790660499981,0.4922606782016081,23.027864203211006,,0.4935518775723786,23.14713025825688,,336.404959753333,0.0,0.0,0.0,0.0,,0.0,,-55.78093306288032,,-14.285714285713988,
Siti Networks Ltd,SITINET,Cable & D2H,47.96296164,,31.216250156976034,-18.271100612103737,,-20.288689376317915,-1.722178920931845,0.900555983346602,-0.9499399416969828,6.062499999999999,0.2677239580535027,,-0.1713024095146254,-0.0658262240643399,0.0347550137605704,0.2647839330904273,,0.6027064351064833,5.982112785097814,5.715729532985162,0.0,0.0,0.0,0.0,,-0.6870640949761404,,-5.533688829259276,,-10.95304141073906,
Picturehouse Media Ltd,PICTUREHS,Movies & TV Serials,46.7115,,-5375.193798449626,368.3643222850984,,82.75820317229689,84.21862348178138,4.451091350040421,-2.33921827794562,0.001174398120963,0.84487605417838,,0.2278054133138259,-0.6550483803113167,0.1885276667877466,2.6052147239263803,,0.5332425233079066,7.368739542665924,0.6343151375486101,0.0,0.0,0.0,0.0,,,,1433.230198019802,,389.250952179433,
Tamilnadu Telecommunication Ltd,TNTELE,Telecom Equipments,45.909405,,2.0904339922744835,-55.64853556485356,,-6650.0,-0.2996742671009771,0.00836820083682,-0.0013427324605572,0.0,0.0874363327674023,,-3.835372180451128,-0.3081995502148228,255.05225,4.941808934337998,,427.6633611111111,8.286265339074275,,-1.8955977320986843,0.0,0.0,0.0,,0.0,,800.0,,-14.655172413793094,
Sadhna Broadcast Ltd,SADHNA,TV Channels & Broadcasters,41.00856087,-0.6904487917146084,1.3452914798206337,-0.4322766570605149,-0.8353637312913258,-0.5928853754940658,,0.729106628242075,3.02089552238806,1.3043478260869568,1.4268292682926829,,-341.73800725000297,2.8920000613540195,2.026114667490118,8.251219490945674,2.5361657577675487,2.1777945093873514,9.08836306597938,62.96937267142848,0.0,0.0,0.0,0.0,,0.0,,-19.650655021834066,,-170.38123167155405,
Jupiter Infomedia Ltd,JUPITERIN,Publishing,39.75936,14.48598130841122,47.24342663273961,15.670955882352947,16.327507780703858,33.091349062310954,,0.7596507352941178,4.566298342541437,0.0,5.0434782608695645,474.1564885909,7.268621572212065,1.691887659574468,2.405284936479129,17.515136563876652,1.8419439252336447,2.623070780399273,19.270826666666665,3.7703791304347822,0.0,0.0,0.0,0.0,,0.0,,49.86400725294653,,60.14369501466272,
Cyber Media (India) Ltd,CYBERMEDIA,Publishing,38.3847429,45.83690987124461,89.77272727272721,11.682852587331482,,4.761904761904756,8.442748091603049,2.4533990433396142,-26.405616224648988,26.666666666666668,1.2297748123436198,,9.524750099255597,30.70779432,0.4535595285359801,5.376014411764706,3.9686474592274688,0.5463162341959116,6.710412612481858,4.037968812227076,0.0,0.021643886013888,0.0,0.0,,0.0,,17.50902527075815,,342.8571428571464,
Uniinfo Telecom Services Ltd,UNIINFO,Telecom Services,35.9823488,2.5293817066939166,3.449310137972402,1.4704080382306066,1.875586120662704,1.6694490818030023,2.9487179487179462,0.8807744149001348,1.4860450692578042,0.0022753128555176,3.5903361344537816,,59.97058133333343,1.107830935960591,1.0011783194212576,23.36516155844156,1.0072138170669391,1.0968934001112964,96.1520702439024,18.508144976525827,0.0,0.0,0.0,0.0,,0.4675956233049658,,-13.730196831493046,,121.05263157894736,
Colorchips New Media Ltd,COLORCHIPS,Movies & TV Serials,34.6151465,-2.603990530943524,-2.766531713900135,-2.525832376578645,-2.57052245034218,-208.1081081081081,,0.0121371166147285,-2.3125000000000004,,0.5616438356164384,423.5142856967,-44.95473571428572,1.1706170612106863,93.55445,73.64924787234044,1.1652061717957392,93.12201756756758,287.1262208333334,313.2286045454547,0.0,0.0,0.0,-1.1757858544e-06,,-3.011904761904762,,-69.42148760330579,,-3950.0113169389833,
VR Films & Studios Ltd,VRFILMS,Movies & TV Serials,30.304736,6.647398843930636,12.270389419544452,3.8434163701067616,6.841216216216217,6.818181818181818,2.929824561403509,0.5637010676156583,1.1556420233463036,0.0059665871121718,2.2788888888888885,,37.41325432098765,2.4880735632183906,2.550903703703704,,1.6919429672447015,2.9566276094276094,,17.13401756097561,,,,,,0.0,,-16.160903316866637,,-56.21621621621623,
Infomedia Press Ltd,INFOMEDIA,Publishing,27.35582374,,-11.87782805429864,-36.55573164289488,,-19350.0,-0.3723404255319149,0.0021130480718436,-0.1481481481481481,,0.9516129032258064,,-7.06868830490956,-0.5404153247728171,1367.7911869999998,,,3118.291187,,,-0.2500768415902945,0.0,0.0,0.0,,,,,,-11.70379317919077,
Alan Scott Enterprises Ltd,ALAN SCOTT,Movies & TV Serials,25.668451374,-31.52709359605912,-20.110957004160888,-23.713927227101628,-91.0843373493976,-34.87084870848709,-2.377049180327869,0.6800501882057716,6.775,4.043290043290043,0.8955696202531646,,-13.581191203174605,24.21552016415093,4.735876637269373,,6.942968318719211,5.200821286715867,,,0.0,0.0,0.0,0.0,,-0.3925460289941513,,183.76963350785337,,-2497.703523481998,
Orient Tradelink Ltd,ORIENTTR,Movies & TV Serials,22.51854,6.350224502886459,7.593386405388851,2.312449583221293,7.651245551601415,7.196652719665264,9.53846153846153,0.3213229362731917,-0.8590941768511862,2.2381729200652525,0.3048913043478261,,26.18434883720933,1.8174769975786929,1.8843966527196656,,1.6394188582424631,2.138789958158996,,11.999314553990615,0.0,0.0,0.0,0.0,,0.5549086272843177,,-4.70494417862839,,321.8974401037979,
Sungold Media and Entertainment Ltd,SMEL,Advertising,22.0,0.086580086580086,0.1733102253032923,-6.866193036462335e-16,-6.874195592448887e-16,-8.191749747668256e-15,1.999999999999994,0.0838183934807916,0.6889952153110046,,51.0,,-3.7300401619633286e+17,1.9047619047619049,30.55555555555556,,1.888311688311688,30.291666666666664,,363.50000000000034,,,,,,,,24.13793103448276,,-100.0000000000002,
TV Vision Ltd,TVVISION,TV Channels & Broadcasters,21.5031975,,20.17820275996959,-19.843835480181035,,-27.90209790209791,-13.554744525547449,0.7111951061819265,-0.4605030109812257,0.9662921348314606,0.1375117448737081,,-1.077854511278195,-0.2272104554099746,0.300744020979021,5.599791015625,,0.2891356293706293,5.557311155913979,86.1383229166685,0.0,0.0,0.0,0.0,,,,-10.992157350927425,,38.100014500794046,
Citizen Infoline Ltd,CIL,Online Services,19.538226,0.4347826086956523,0.2173913043478214,0.4268943436499468,0.4352557127312297,0.2325581395348787,,0.9178228388473852,171.99999999999997,,1.3,,1953.8226000000416,4.247440434782608,4.543773488372094,488.4556500000001,4.243092608695652,4.539122325581396,487.9556500000001,1951.8226000000416,0.0,0.0,0.0,0.0,,,,58.67158671586717,,-73.01350000000001,
Silly Monks Entertainment Ltd,SILLYMONKS,Advertising,19.2483005,-63.25966850828733,-72.98013245033115,-30.108232207281088,-48.23962165002629,-23.442288049029635,-551.0000000000002,1.284355526402099,3.701323251417768,0.0275862068965517,1.7757437070938211,,-4.193529520697165,2.658605041436464,0.9830592696629212,29.61277,2.30087023480663,0.8507814351378958,29.225088596491226,,0.0,0.0,0.0,0.0,,0.0,,-27.157738095238106,,-112.49999999999996,
Shyam Telecom Ltd,SHYAMTEL,Telecom Equipments,19.159,,12.696335078534032,-20.46746683512318,,-1956.25,,0.0067382606864603,-0.0069354139575205,,0.4454664914586071,,-6.121086261980831,-0.8340879407923377,119.74375,,,115.74375,,,0.0,0.0,0.0,0.0,,,,-77.77777777777779,,34.142386831275715,
Vivo Collaboration Solutions Ltd,VIVO,Telecom Services,17.459975,2.6629292221443643,3.856942496493695,2.3466309084814,2.482269503546105,4.35865504358656,18.33333333333336,0.5383841770030171,0.5806218365871294,69.4,15.350515463917526,,49.88564285714275,1.2235441485634198,2.1743430884184307,31.74540909090909,0.5241748423265592,0.9315037359900372,25.793017241379307,11.507653846153833,0.0,0.0,0.0,0.0,,,,-39.258698940998485,,-93.52986926410132,
Madhya Pradesh Today Media Ltd,MPTODAY,Publishing,17.28988,7.101144592384946,10.358869941460922,5.185106155979934,6.452469463621869,11.035422343324234,6.672131147540977,0.4698602368505281,1.6984188198997303,1.9169230769230767,2.715137067938021,,7.115176954732521,0.4446985596707818,0.7851898274296095,12.52889855072464,0.414853538892782,0.8065340599455041,12.869478260869563,3.5806209677419387,,,,,,0.5253940455341506,,8.902077151335309,,-19.26910299003332,
Unistar Multimedia Ltd,UNISTRMU,Movies & TV Serials,17.2754837,9.519038076152302,5.421686746987974,9.679062659195107,10.31487513572204,1.2927756653992482,54.00000000000023,2.6795720835455934,41.09375000000001,,1.9917355371900825,,50.81024617647025,1.736229517587939,0.6568624980988592,20.32409847058824,1.6949382464929856,0.6431742851711026,19.900569058823528,30.20622089285702,0.0,0.0,0.0,0.0,,0.0,,1140.566037735849,,-85.26212631578947,
Hathway Bhawani Cabletel and Datacom Ltd,HATHWAYB,Cable & D2H,15.6411,10.055865921787692,-2.0942408376963177,6.293706293706283,10.58823529411763,-1.4705882352941055,,0.9510489510489512,-3.317073170731707,,0.2253521126760564,-115.5564432478,-391.0275000000032,8.738044692737429,5.7504044117647055,782.055,8.73245810055866,5.74672794117647,,120.23923076923046,0.4320987654320987,0.0,0.0,0.0,,,,-13.099041533546318,,-122.50000000000004,
Creative Eye Ltd,CREATIVEYE,Movies & TV Serials,11.8343675,1.166489925768822,1.4304291287386204,-1.190093277581217,-1.6185476815398088,-9.41475826972011,0.471428571428571,0.1264072048890318,0.2351885098743267,0.0039123630672926,3.419770773638968,,-31.984777027027004,0.5215675407668576,3.0112894402035626,,0.2387545952633439,1.7186685750636137,,16.474067073170744,0.0,0.0,0.0,0.0,,,,-10.068649885583536,,60.63829787234037,
Sab Events & Governance Now Media Ltd,SABEVENTS,Publishing,11.74175632,,-473.3333333333324,-14.20289855072464,-288.23529411764724,-44.34389140271494,-2.62962962962963,0.3202898550724637,-1.035128805620609,,0.7606557377049181,,-11.981383999999998,-78.27837546666649,5.313011909502262,,,6.208939511312217,,152.46395911111136,-0.2203513622227841,0.0,0.0,0.0,,,,41.66666666666665,,13.274336283185814,
Shakti Press Ltd,SHAKTIPR,Publishing,11.423049,4.347826086956519,5.629565964761492,1.8291783448886243,3.4588563458856303,7.478890229191789,1.89855072463768,0.2445788464375276,0.7850378787878788,0.0809061488673139,2.0932944606414,,18.424272580645187,0.6262636513157894,1.3779311218335346,,0.7651194490540988,2.780826176115802,,10.24579955555556,0.0,0.0,0.0,0.0211635702516801,,,,-16.515609264853982,,14.81481481481477,
Radaan Media Works India Ltd,RADAAN,Movies & TV Serials,11.3739234,,4.787592717464592,-5.601590984421613,,-13.574297188755027,0.2921810699588474,0.4126615843553197,-1.170112781954887,0.0,0.5013150973172016,,-6.730132189349109,-0.961447455621302,0.9135681445783136,,,3.631640433734941,,57.96656846153851,0.0,0.0,0.0,0.0,,,,11.45926589077886,,61.14942528735629,
Sea TV Network Ltd,SEATV,TV Channels & Broadcasters,10.217,,-45.52523474178404,-8.9308497065578,,63.44669309409554,50.04838709677419,2.446032151058944,-0.5889291638508324,0.0,0.0555555555555555,,0.33597500822098,-0.1449836809990067,0.2131650323388274,5.349214659685864,,1.5997704986438557,46.47090909090909,2.4157844990548205,0.0,0.0,0.0,0.0,,,,215.32894736842104,,1837.7485714285708,
Accord Synergy Ltd,ACCORD,Telecom Services,9.33968,2.4271844660194053,1.9674355495250897,1.7142857142857042,2.1023125437981656,1.4669926650366665,5.799999999999963,1.1685714285714286,1.5261194029850746,0.0833333333333333,6.058823529411764,,31.13226666666685,0.6476893203883496,0.4567080684596576,,0.4271622746185853,0.3012068459657702,,8.212906666666687,,,,,,-0.6912442396313364,,-18.623159570234797,,105.06756756756754,
Vision Corporation Ltd,VISIONCO,Movies & TV Serials,8.0279802,0.0424989375265642,0.0872219799389471,0.0323467572375887,0.0435729847494578,0.1257861635220198,,0.2571567200388161,4.12987012987013,0.0014074595355383,1.2133168927250308,,802.798019999954,0.3501081639773223,1.0098088301886792,16.38363306122449,0.3637050658733531,1.0764754968553458,17.465265714285714,61.12842999999975,0.0,0.0,0.0,0.0,,,,220.56451612903223,,-74.99999999999852,
Esha Media Research Ltd,ESHAMEDIA,Advertising,7.2604449,,-30.90909090909089,-10.0,,-212.50000000000003,,0.0470588235294117,0.1904761904761905,,1.3423423423423422,,-42.7084994117647,-1.0083951249999998,90.75556125,,,186.50556125000003,,,0.0,0.0,0.0,-0.7182720992759002,,-0.4954060046650865,,-60.00000000000001,,-3.132313214029088,
52 Weeks Entertainment Ltd,SHAQUAK,Movies & TV Serials,6.41792,-0.8221993833504625,-1.0152284263959392,-0.8034145116746173,-1.010739102969046,,,0.0,0.0,0.0,4.685230024213076,,-40.11199999999999,0.407486984126984,,,0.5199342240493319,,,,0.0,0.0,0.0,0.0,,,,,,91.2087912087912,
Padmalaya Telefilms Ltd,PADMALAYAT,Movies & TV Serials,5.236,-0.7177033492822968,-0.7134363852556481,-0.6003001500750376,-0.7196401799100453,-57.14285714285715,,0.0105052526263131,0.012824427480916,0.0,6.145110410094637,,-43.633333333333326,0.3152317880794702,24.933333333333334,,0.3197368421052632,25.45714285714286,,,0.0,0.0,0.0,0.0,,,,16.666666666666675,,53.84615384615384,
Ortel Communications Ltd,ORTEL,Cable & D2H,4.60777002,,-33.30805399666319,-5.705155683722382,,-31.060820367751067,,0.1836769156826832,-0.2697340811109839,6.833333333333334,0.1360897499916774,,-0.2098255928961748,-0.0685884194700803,0.0651735504950495,1.7002841402214024,,3.116800141725601,81.31283026568266,60.2070409890711,0.0,0.0,0.0,0.0,,,,-20.8552557931266,,37.0051635111876,
BGIL Films & Technologies Ltd,BGIL,Movies & TV Serials,4.54237963,-2.2037218413320274,-1.8763457397723773,-1.2840633471251246,-2.223869532987398,,,0.0,0.0,0.0,6.263736263736264,,-10.094176955555556,0.2272325977988994,,20.64718013636364,0.2239167301665034,,20.78354377272727,,0.0,0.0,0.0,0.0,,-0.4537401027399376,,,,-199.99999999999991,
Purple Entertainment Ltd,PURPLE,Movies & TV Serials,4.297044605,2.7165556125064065,3.977669225401256,0.8311688311688316,1.6931216931216937,20.51282051282052,1.5405405405405408,0.0405194805194805,0.0597014925373134,,3.3112903225806454,,26.856528781249988,0.4434514556243549,5.509031544871795,,0.3314733267555099,8.291082826923077,,11.345692289473682,0.0,0.0,0.0,0.0,,-1.4219234058893369,,5.405405405405417,,-46.66666666666665,
Cistro Telelink Ltd,CISTRO,Telecom Services,3.131923,-0.8908685968819595,-31.848552338530062,-0.8273009307135467,-0.906002265005662,-433.3333333333333,,0.0682523267838676,0.1299212598425196,,8.666666666666666,,-2.1901559440559444,0.7118006818181818,9.490675757575756,,0.089515144766147,1.217948484848485,,,0.0,0.0,0.0,0.0,,,,57.14285714285714,,-3494.0100000000016,
City Online Services Ltd,CITYONLINE,Cable & D2H,2.7734439,,342.10526315789275,4.570054119061942,,3.324584426946637,2.407407407407409,1.374624173180998,-3.2379603399433434,,0.601494396014944,,7.298536578947358,-17.334024374999984,0.2426460104986877,,,0.2461455730533683,,2.6541923584905645,0.0,0.0,0.0,0.0,,,,16.632653061224477,,162.29508196721332,
IDream Film Infrastructure Company Ltd,SOFTBPO,Movies & TV Serials,1.27575,,2.3809523809523805,-2600.0,,-400.0,-0.9999999999999998,4.0,-0.0217983651226158,,0.0029673590504451,,-7.973437500000001,-0.3059352517985611,31.89375,,,125.89375,,,0.0,0.0,0.0,0.0,,,,,,41.21153846153848,
Data Infrastructure Trust,DATAINFRA,Telecom Infrastructure,0.0,6.173707913360492,7.538071490029989,1.642861635252544,4.391890960708909,8.382955456186474,1.4437422503099877,0.2753066575385119,-11.959957000806234,,0.5114140681653372,,0.0,0.0,0.0,,0.6226163414111087,2.174579990862039,,5.463211772232885,2.335766423357664,0.0,0.0,0.0,0.0,0.0,,18.73165786244064,,40.49077444458429,
Revati Organics Ltd,REVAORG,Movies & TV Serials,,0.6920415224913501,0.6920415224913502,0.6329113924050638,1.2738853503184724,3.1250000000000027,,0.2025316455696202,1.0491803278688523,,3.214285714285713,,0.0,0.0,0.0,,0.4532871972318339,2.046875,,65.49999999999994,0.0,0.0,0.0,0.0,,,,8.47457627118644,,1.8014398509482104e+16,
Bharti Airtel Ltd,AIRTELPP,Telecom Services,,,,,,,,,,,,,,,,,,,,,,,,,,,,,,,
