Name,Ticker,"Sub-Sector","Market Cap","Return on Investment","ROCE","Return on Assets","Return on Equity","Net Profit Margin","Interest Coverage Ratio","Asset Turnover Ratio","Working Capital Turnover Ratio","Inventory Turnover Ratio","Current Ratio","Cash Conversion Cycle","PE Ratio","PB Ratio","Price / Sales","Price / CFO","EV / Invested Capital","EV / Revenue Ratio","EV / Free Cash Flow","EV/EBITDA Ratio","DII Holding Change – 3M","FII Holding Change – 3M","MF Holding Change – 3M","Promoter Holding Change – 3M","Insider Trades - 3M Cumulative","Bulk Deals - 3M Cumulative","Dividend Yield","1Y Historical Revenue Growth","1Y Forward Revenue Growth","1Y Historical EPS Growth","1Y Forward EPS Growth"
DLF Ltd,DLF,"Real Estate","214337.24062254","5.918142401820512","4.577615119931172","3.924904295960185","5.49677321109102","33.861985915165","4.8313357474371434","0.11590886328384027","0.42529242594605393","0.0012004595089416244","2.304092626120387","3142.9702028797","105.2824845996669","5.686561236980688","35.65074010627497","90.23738059098372","5.2388919048790665","35.74935890091381","92.98217217352216","105.19342333436431","0.19646907450935824","-0.1404022770779072","0.1963122861747575","0",,,"0.46194710705624203","-2.048111309334699","14.611436194100602","35.644230641099185","26.694016575647186"
Macrotech Developers Ltd,LODHA,"Real Estate","115173.7458267","4.447147939859977","6.122689659239068","1.255575534464476","3.9102576977925905","5.063883802230724","1.938796680497924","0.2479471456101292","0.8494661670084142","0.0005463244889082209","1.4983863396314983","1746.2318396674","236.64217346763954","9.046218951648246","11.983284691474532","41.8813621188","5.62035330318834","12.737779447592395","46.03148812855317","119.17195154940144","0.11340376489238713","2.161178720888067","-0.06286889345150737","-2.2566266915481776",,"-0.5160040287688337","0.08366296859441207","0.8922760387142681","9.580489428999513","-28.656885866101806","404.65640365728444"
Godrej Properties Ltd,GODREJPROP,"Real Estate","62460.62692673","4.743760461791684","10.40332047806988","2.7934779898535487","6.362662521324325","18.801908522540344","5.56448372840499","0.14857417195199285","0.45135830779992925","0","1.463243571814051","2570.1261703822","109.31347578139251","6.725489189550075","20.553019719226715",,"4.1874477539781045","21.657758120016446",,"66.23920829146363","0.08134739407192004","0.4849581914647665","-0.017437441779434515","0","0",,,"17.53149062726007","-16.811451135241885","62.1333934414639","27.65380281188826"
Oberoi Realty Ltd,OBEROIRLTY,"Real Estate","52607.789660345","12.836220403226157","15.601632318817243","11.107984312087854","16.834775168322118","42.19549318616363","14.155161194912749","0.26325049130437195","0.5925853474092172","0.00015612147134176833","3.7886211007834927","1511.6901713851","27.622307570513087","4.308539937391688","11.65536890877701",,"3.4514408108069046","12.352706516589826",,"22.919290519240096","0.42718109019774886","-0.4228818867250226","0.3953421771714787","0",,,"0.2764626602619483","50.854940809219194","3.817121993260383","81.88711679877765","-10.843434803679637"
Phoenix Mills Ltd,PHOENIXLTD,"Real Estate","45526.31259116","10.933815704359079","13.559611993658061","8.407766305449996","13.291622256550012","39.733023795705186","5.890569681364663","0.21160650517514368","2.522201619986338","0.13168224966098066","1.3443771790685317","1134.7441312257","34.102873166558034","4.110327172714534","13.550102710287662","33.572738904288194","3.317273451106462","15.141027900400315",,"22.70008995469047","-0.8100447542419467","0.7895062489338862","-0.7264995975342323","-0.003264637090602207",,,"0.1961601366708108","115.66255006675567","8.178936559667848","451.8131660173355","-20.145904829322042"
Prestige Estates Projects Ltd,PRESTIGE,"Real Estate","44114.8250227","8.884868688511265","15.002229157378519","2.8349495274833307","9.433281916705075","10.353205008409654","2.7534093726754287","0.2738233740354384","2.9420592182926635","0.007218379103717927","1.116032290972782","1190.1102334733","46.84096944436181","4.30031924966613","4.849541594501303","28.655293941344596","2.642589083599276","5.716570297217672",,"18.131773020467218","0.34805823557271154","-1.4279088415875272","-0.2758108661598264","0",,,"0.13630168105406631","22.793968763920567","-0.07805028197038885","-18.104347826086894","29.81822517519627"
Embassy Office Parks REIT,EMBASSY,"Real Estate","32216.064643341","3.7796687328886343","4.046728505515043","1.104855829907887","2.0135313926039977","13.894304968940686","1.6780013523758786","0.07951861085370449","-1.3422758923206792","37.817021276595746","0.19325697856487234","4.1277827626","63.67440388050401","1.3220480970498967","8.84711586231223","12.55737246915467","1.1778218758543026","12.682539955111192","31.343075532485656","16.69496778792264","10.180171956256917","13.599913592846665","9.745743516317315","-23.588845759476655",,"0","6.387778652615047","14.303382249077924","16.478325932751755","-43.0486610610205","13.944930629669177"
Brigade Enterprises Ltd,BRIGADE,"Real Estate","21538.3933412","9.328194144101289","9.353807840680277","1.8521937796009533","9.678951493974948","8.067114762811714","1.640308649084418","0.22959804515727372","3.81084602359941","0.18046347963226864","1.1096977279608777","1259.2152173396","73.91096167324386","6.851113417987267","5.962482100478364","22.2856305329705","3.1546325138400704","6.792635575253578","38.164017390736305","23.898602677653113","-0.39720382738644133","0.33203641615736146","-0.22116087602011092","-0.015633195675626155",,,"0.21424996409425306","17.733792667385863","19.936771936041115","236.92723595907097","16.27179918328126"
Mindspace Business Parks REIT,MINDSPACE,"Real Estate","20155.501969816","2.977989393852999","5.188020780865489","1.2614984965215403","1.7697679207723107","12.233629540160488","3.1521422325852533","0.10311727132003633","-2.067421742620173","30.14285714285714","0.4390337213750887","-226.3134893001","71.07017619822273","1.2938273978903856","8.694462069629884","14.469132785223259","1.2350269891190058","11.211458014759726","41.45199676206699","18.08782933385482","0.017396599822971037","-0.06031366505386515","0","0",,,"5.428386489349181","30.44114337159578","20.085800289697758","-33.08164228409618","51.13274965034961"
Nexus Select Trust,NXST,"Real Estate","19272.315",,"100.34013605442185","-0.0649419979901002","-0.34284386077052703",,,"0","0","0","0.9388137356919876",,"-6532.988135593219",,,,,,,,"-0.5740895049504946","0.845604092409241","-0.07130937293729556","0",,,,,,"52.859397037860795","2456.526738135593"
Signatureglobal (India) Ltd,SIGNATURE,"Real Estate","18644.363588789998","0.5241090146750478","1.1921713355806058","-1.2195774169025617",,"-4.026155825157017","0.2243335611756653","0.3029136153355414","2.634483446018906","0.00032148105813193994","1.2244948924123529","931.006814054","-292.0025620797177","371.54969288142473","11.756478162780287",,"11.101667900176956","12.421648289145457",,"510.4753456540564","-0.3900948718556938","0.24701180922952037","-0.09374660323889472","0","0","0",,"68.78246062154108","18.193053698892744","47.69994452422158","287.784017047768"
Sobha Ltd,SOBHA,"Real Estate","14009.206717365","7.811992011518283","12.501665873393634","0.8645179275464313","4.237839596551177","3.062517083378654","1.5821620753353158","0.2822899934953738","2.9413956463855304","0.05303011839713001","1.112094752110796","1438.7346485043","134.44536197087288","5.615632753445331","4.11741217816825","12.179694766490465","3.4467770097522727","4.580443012013472","15.177869806549474","33.74539704515728","2.2706896842395388","-0.08682720160680191","2.339971574719243","0",,"0.5371874297972732","0.20310754544531334","28.62511010384732","11.357177076383632","-39.83486344477149","76.58440961612226"
Valor Estate Ltd,DBREALTY,"Real Estate","10685.874940860002","-0.7125495486393818","-0.1765882118712304","-1.0503842770095082","-4.550088479536434","-6.407884008649724","-0.11247932365374096","0.1639206133556163","1.501485037844513","0","1.1373991866687543","1579.2183157995","-118.2327388897986","4.969504085895389","7.5762167683079875","110.91836143720158","2.6407963718530056","9.451540246630508","139.63470138116688",,"0.4664749025048047","4.777142053360421","0.004079337334873388","-3.4457461230188997","0.03947127998960412","-1.4606940649183064",,"82.12750022597264",,"-375.91966995778364",
Anant Raj Ltd,ANANTRAJ,"Real Estate","10349.033093310001","4.61586223084864","5.745952783946443","3.4569488400394843","5.462793934245487","15.038910893059732","7.1936397984886655","0.22986696740352536","0.602791824884074","0.0026076178467424075","5.703284614175704","931.6959056065","68.48222004572524","3.6207205358852175","10.29898005026571",,"2.8816032078097122","11.361665399468585",,"46.603327183076175",,,,,,"0","0.1565829058994448","100.47482244034795",,"162.41987180910397",
Brookfield India Real Estate Trust REIT,BIRET,"Real Estate","9717.190029927","4.072283777545475","4.09875359539789","0.8919177557084635","1.524527135781428","10.673618114975431","1.32463117976229","0.08356283184397184","-5.4378911519494",,"0.6319131965868561","-508.5138454427","74.04701691630729","1.1660059025031977","7.903495811177896","10.541423970153286","1.0813048032364285","12.173878411952208","19.24268802942417","17.649360332441486",,,,,,,"6.965757439911721","36.72890648458092","47.10818655757188","-49.280047287223866","11.843011292346326"
National Standard (India) Ltd,NATIONSTD,"Real Estate","9553.2","3.400163666121113","4.942716857610475","3.3091622931773563","3.437727603787327","29.573934837092732","241.6","0.11189455550659028","0.11841268495357613","0.004464285714285714","27.388950276243094","4817.3703540362","1156.5617433414045","39.08837970540098","342.04081632653066","744.5985970381918","39.08412438625204","342.0035803795202","744.5175370226033","790.7417218543046","0","0","0","0",,,,"-37.72575250836121",,"-66.42276422764228",
Mahindra Lifespace Developers Ltd,MAHLIFE,"Real Estate","8469.571139415","5.416025804834065","6.405248149796437","3.0510605910188953","5.567098022532968","11.99526907155529","10.685609532538953","0.2543553273226658","0.8745255013911731","0.00028817629608701793","1.5180324573062445","1281.8399982863","83.50987122278646","4.689866794070091","10.017233754482556",,"4.081074593624489","10.01096527429332",,"65.72659682726358","3.011858961707464","-3.3378316272320916","1.8874236336294175","-0.0005945357397720841","0.0077734653281496015",,"0.4200148031634231","42.01968622971746","-35.724423418095796","-34.46041102812776","-38.2667610703017"
Keystone Realtors Ltd,RUSTOMJEE,"Real Estate","7087.83200253","4.341585142327145","7.238982624024179","1.953048197035039","6.185185744260124","11.223874873311978","3.991391280199947","0.17400837224931812","0.8413447411632533","0.05464011971828067","1.4604553163060794","1933.0307527344","86.48971327065274","4.202114151363881","9.707497195784368","23.151500906516414","2.840956504107502","10.571701321020624","25.78269090296613","52.024142363887556","0.21406096863643942","0.9081725118599839","1.3089182172060685","-0.002360195054251335",,,,"-43.963406678588136","185.34253704768946","-45.104429260045485","22.680669200732012"
Ganesh Housing Corp Ltd,GANESHHOUC,"Real Estate","6335.33416275","9.612080275598215","21.372874640680454","7.704773526003997","9.741662935347597","16.12061467091911","18.808605341246288","0.477945393726399","0.9985684643965836","0.0009536019665391666","4.820882669537137","578.0432850606","63.302699467925656","5.3786818151138505","10.204784257514255","206.63190354696675","5.147985206698661","9.796694956267517","251.9463199150787","23.733646151369705","0.016339459741310076","-0.04461601909839996","0.03029125971418357","0",,"0","0.315893385982231","61.31060645429507",,"12.68879468513673",
Indiabulls Real Estate Ltd,IBREALEST,"Real Estate","6111.445863645","-14.757010176985526","-13.33062583156016","-8.5337500289307","-17.154087340972655","-93.81775564019921","-19.357091172214176","0.09096092707289345","0.18714727887966173","0.0000038673910290064","2.4509260632987027","3953.8400543111","-10.0454417693629","1.6664428536181342","9.42440801215939",,"1.577263995234223","9.57189363215723",,,"0.7207242282491413","-0.4605306987229554","0.7944484491411563","0","0","-0.5023672018046602",,"-57.928985253378485",,"-304.90238962807763",
Sunteck Realty Ltd,SUNTECK,"Real Estate","5888.021611705","2.513474295190707","2.80433278413339","0.021950437480054916","0.0501947736484529","0.3518648838845323","1.0521536670547122","0.062383143318326006","0.15136257896148408","0.000622503714033261","1.633995221714433","14196.8478516002","4205.7297226471","2.1120219852162596","14.79848600508948","22.469934405834987","1.8470211476486205","16.12350862497487","26.300514970912594","64.40338933545843","0.26511851364512573","3.6128991141084263","0.40305545246553587","-3.975389836214987","0","-0.044845227018657674","0.35787585524670346","-25.657698056801227","162.94360108575458","-94.4217606526898","11337.812090001824"
Hemisphere Properties India Ltd,HEMIPROP,"Real Estate","5851.05","0.05106066935895675","-0.31069058042649317","-0.594063042300594","-1.7528887443952261","-75.84994138335286","-0.19730941704035856","0.007832083077007833","-0.016346319682655274",,"0.19021747471491934","297.9097402623","-904.3353941267388","15.992155683712795","685.9378663540444",,"13.453650837859167","679.559202813599",,,"0.009430877192982468","0.09953789473684205","0.009430877192982454","0",,"0",,"169.93670886075952",,"56.46029609690445",
Nesco Ltd,NESCO,"Real Estate","5718.1780538","15.411900012213493","17.632342546780254","13.727272941959955","15.871862994323289","47.703771788727316","31.054873054873052","0.2877607456860212","1.280025211408162","5.907532467532468","4.698814511097247","86.5431712714","19.67443591315717","2.910621582009478","9.385448008731904","19.27778994605893","2.7008702386719863","8.711088950201884","18.67327441348251","12.882778002767191","0.07638806493787431","0.23350708686181454","0.004235029369871857","0",,"0","0.5544944858603905","59.321147459532966",,"53.64770564601401",
Puravankara Ltd,PURVA,"Real Estate","5105.832739580001","8.632130313427927","16.704962033262618","0.7118249347520523","3.2894199725386617","4.622123340054197","1.1541327254024285","0.15400388141604762","0.8815327380040326","0.09341544239325661","1.191176179197616","5656.2337145777","76.80253820066245","2.5613688871174873","3.5499080439268593","35.166559264274404","1.5593886068073455","5.352661294291874","68.10626981227885","17.810421365798387","-0.011859598245472669","0.14560550588289445","-0.020293090331142162","0",,"0","0.4645667261311654","4.100170086490773",,"-54.96240092134717",
Tarc Ltd,TARC,"Real Estate","4168.235731875","5.023242905710123","6.352306957976182","0.6629477708625655","1.5156144050431066","5.428922222815354","1.3510493089916398","0.1221140667804173","1.523999349170191","0.0027078929553335817","2.232724862943551",,"204.92801041666664","3.0829917913883778","11.125382298283776",,"1.9865712357173892","14.520273666457586",,"32.85917934208142","0.47446099254333335","0.07583049108353035","0","0",,"0",,"24.60008646779075",,"108.73974133115627",
Max Estates Ltd,MAXESTATES,"Real Estate","3890.23734336","1.778767294883976","1.950034265777833","1.172982528668964","2.0042488811104024","14.480499695307737","2.185284640171858","0.08100428530439853","0.5059154495356277","0.050713786562843165","4.683342326370152","1720.1524323493","204.64162774118887",,"29.63313028153565",,"2.196736173953326","35.399278971358925",,"83.5830457438849",,,,,,,,"77.54936434947253","-25.426569165143203","658.8822355289409","-159.42635455023674"
Nirlon Ltd,NIRLON,"Real Estate","3859.7556532","18.333742775500706","18.86040426058433","7.344787810005768","35.89761076632795","27.43350532478588","2.8501750477402927","0.26773056242906845","-3.344236579130839",,"0.19695994454621973","-39.8213367838","24.44275633715407","9.606161406669985","6.705504861277601","9.838284189437195","3.220656348637851","8.654776069213531","16.21618975033365","10.806689197596478","0","-0.1275127599313084","0","0","-2.5","2.4989902132802713","6.070511323838431","48.84412494828301",,"42.505189062359065",
Kolte-Patil Developers Ltd,KOLTEPATIL,"Real Estate","3476.44166766","8.854243999010139","13.818050399185196","2.5017215360496947","10.133030018297799","6.735611629038401","5.170641750676172","0.3714171294057892","2.148621637084071","0.38116926062230505","1.286815500014824","876.1706631338","33.933056785358744","3.2954552645319075","2.285598918922828","18.059437234597404","2.283284872345954","2.4264649167400822","28.894556233148045","16.63602284273158","0.5561374735510412","-0.05141017542811266","0.6262518270486124","0",,"-1.4607757820996938","0.874508089199825","33.83369995600527","-3.7488001472695944","29.013978088401984","-37.6830614348462"
Arvind Smartspaces Ltd,ARVSMART,"Real Estate","2845.365721305","6.177479725514658","8.351518174449778","1.9361054958341983","5.2710626478757305","9.731454400425417","3.8298784846318794","0.19895335436700606","0.6237738710136","0.022305781862915767","1.5475237043174077","2291.9807431573","111.06033260363002","5.743572307842148","10.807785624283056",,"4.480685778703992","10.91281088352262",,"51.03954026123647","0.045087414963711936","-0.3597017909987996","0.04783944660638184","0",,"-0.5186266527886587","0.5255195477346921","-0.43491415172830505","71.23105557032706","-9.131484333272741","95.28163957845445"
Ashiana Housing Ltd,ASHIANA,"Real Estate","2837.314088825","3.2777677691468026","3.814238326103594","1.3725224837292835","3.7292577587013755","6.559420494367219","12.29276315789473","0.20924447287804035","0.5222918982661513","0.09949818619345589","1.6865489408776175","2016.2438812381","101.73230867067056","3.734782267770171","6.673049904336886","244.80708272864538","2.928906551111134","6.500162489298902",,"60.371430511686356","-0.06603142942048823","0.3813056903925762","-0.06241142924480858","0","0.005959819153293574",,"0.1803679391772704","82.02405924911164",,"495.6028368794309",
Ajmera Realty & Infra India Ltd,AJMERA,"Real Estate","2545.862356875","6.206197559444628","7.311687881564567","3.6293495088957135","8.38945861591533","16.226766221092525","3.6520540391508134","0.2236643740006599","0.3478744863358426","0","13.402145259521859","1871.7813261772","35.60646652972028","2.850398984364503","5.777778083369267","18.58293691149635","1.9911904801496119","7.8471333247282296","26.072103429912527","25.811304545200056","0.17369372162083163","-0.017252420925816987","0","0",,"0","0.418147606104955","-9.911880763018544",,"57.52368363075556",
Unitech Ltd,UNITECH,"Real Estate","2537.81201559",,"-6.03838615935662","-10.398067849083347","-624.9680529088666","-566.6571806077853","0.016925660956374013","0.01834983867658852","-0.2139061847780715","0.05066797031243055","0.8590909712825735","6055.6433845846","-0.9103703148471662","-2.2263071229472207","5.1586787592031715","10.10879113957379",,"18.34505948895213","36.484686350218304","150.76598756414987","3.822190114410873e-7","-0.3249511370164583","0","0",,"0",,"-17.628049495169375",,"-175.46962854630078",
Marathon Nextgen Realty Ltd,MARATHON,"Real Estate","2507.1376965150002","14.650302319285256","16.875935045033582","5.637478186109469","16.70867544592605","15.94065407015046","2.2738921080551693","0.35365413246535987","1.5825921948473063","0","2.048810116499054","609.4261366344","20.72357163593158","3.160350552135987","3.303472865463674","6.489963232934691","1.9860829025749784","4.349708404504969","8.552247918432643","11.71707140099028","0.0634199391951272","-0.7822920230377761","-0.000007688524271213924","0.22455713077391692",,,"0.18476882248785909","120.48108767648596",,"213.0493905410077",
Shriram Properties Ltd,SHRIRAMPPS,"Real Estate","1958.749299","9.351390342717984","13.884771993322827","1.8164043675217196","5.659252268291109","8.075119669943557","1.671989479616757","0.22493838379665965","0.9607673623975965","0.0009026969773259756","1.3706679590517972","1954.3854584505","29.69601726804126","1.6321686698497617","2.397988931601435","362.0608685767098","1.347582587496407","3.0418315916408556",,"13.372762642626483","-0.4458102398136501","1.2359874499957915","-0.36403500574942194","-0.005073425149131339",,"0.7452450778896305",,"57.161272944164374",,"532.3275059893417",
Omaxe Ltd,OMAXE,"Real Estate","1635.1308276","-11.65699836382564","-16.479894212848706","-2.7310235038675907","-29.547249611455012","-43.59719803009978","-3.0493794326241077","0.0626421794809399","0.8658305033254845","0.0002193222941111964","1.0718650609298503","3905.2612414049","-4.699867286367173","1.6193262038504166","2.049010447989373","3.486419675053305","1.0713971082354108","2.707861840829062","4.817417575352239",,"0.00024056790646964643","-0.06550937465794249","0","0",,,,"25.091701413926117",,"-118.08437284523212",
Peninsula Land Ltd,PENINLAND,"Real Estate","1497.200917","36.13520583780813","123.73629719853845","6.161221703654334",,"9.103446981779998","2.689278623428198","0.6768009651712862","-1.9905873564291723","0.0006090235138442118","0.6258023106546855","363.6404447185","15.43028874574869","148.9752156218912","1.4046881551047978","4.9936659228870655","4.357200690715499","1.7814543345279865","6.337931563136287","11.494527011320278","-0.43018478439825125","0.0035218546747781106","-0.00007932969310789763","1.7887105489975994","0",,,"135.24763838615698",,"185.97318853166217",
Suratwwala Business Group Ltd,SBGLP,"Real Estate","1487.21938944","52.74376417233561","160.5434782608694","18.261019580781504","1742.386831275719","33.89369196285623","14.133971291866029","0.5387733977400154","-4.292783505154642","0.0001149359232228033","1.0433843737730666","1268.4104926594","70.25127016721775","119.16822030769227","23.810749110470702","207.71220522905028","34.432865973696146","24.311389520333012","218.4876819338129","51.07599695391859","0","-0.1410708235043921","0","0",,"1.1532931941170053",,"3331.8681318681315",,"296.7472118959108",
Elpro International Ltd,ELPROINTL,"Real Estate","1354.47720696","3.776568598558087","5.369719648914644","3.3141150607656873","3.842100412340561","31.272015655577285","15.347826086956516","0.10597702102949105","0.3798456335096695","14.526315789473685","1.175892316999395","-227.2553304939","28.253592135168983","1.0719192837606837","8.835467755772996",,"0.9411786911824958","8.541273365688193",,"17.342744463046365","0","-0.6917854723469503","0","0.010030733577636397","0",,"0.2877877877877878","-88.60553445469344",,"-95.46328205103919",
Arihant Superstructures Ltd,ARIHANTSUP,"Real Estate","1302.9195151049998","9.297234182295849","9.438794447331306","5.900204446716076","11.056238963215709","22.746305418719214","3.6276747503566336","0.25939177101967803","0.479551159013731","0","3.2133822929416564","704.1422223891","70.54247510043312","7.39035459503687","16.045806836268472",,"5.091729968273371","17.185215703263545",,"54.04490763381099","0","-0.5587319005973544","0","0",,,,"-47.38206324520476",,"-53.83654086478377",
Texmaco Infrastructure & Holdings Ltd,TEXINFRA,"Real Estate","1234.12652415","0.7739613019349036","0.7184526548606888","0.44759149720075453","0.4768804962010569","12.263406940063101","2.3609756097560988","0.03649813623476246","0.35192894809880654","12.428571428571427","13.78558875219684","1233.5829901909","396.8252489228293","1.93761720149781","48.66429511632492",,"1.8670714326533673","49.08424779771293",,"167.30867260080637","0","-0.03194937571506857","0","0",,"0","0.15487867836861124","-17.124183006535954",,"103.60537908648274",
AGI Infra Ltd,AGIIL,"Real Estate","1110.6220152","24.05257690049236","29.100398837953627","7.03013122132274","32.25936232272775","19.436813186813197","11.498054474708178","0.3616915568284771","9.773741362290233","0.01115814969309913","1.043877789566437","1231.2529742347","23.08505539804613","6.44137579863125","4.486999091790562","16.670999927949566","5.032350219973803","4.50109896250808","24.780071512455514","17.1507391502463","0","0","0","0",,,"0.10999890001099988","23.193310770455923",,"32.09774848984077",
PVP Ventures Ltd,PVP,"Real Estate","1045.520779215","67.66943748075822","112.00755864108774","34.067105824368504",,"32.82644930018037","27.022794846382553","1.037794417326193","24.90588569803797","0.0005055771479129143","3.313772832248584","3704.9109519333","7.272176248278501","9.6655336897014","2.3871972491609013","3.1941854430373944","4.930777055966046","2.5597889791880717","3.4251215300470483","4.09493308209146","-0.008937607880756093","-0.04905896879196414","-0.000006004573754259034","2.011790704576903",,,,"784.4305331179322",,"341.7114996637525",
Hubtown Ltd,HUBTOWN,"Real Estate","1021.5804313799999","5.4288565713264685","6.142582104863754","0.6628552309836484","2.3137825908904777","9.080357142857148","0.9294067616415056","0.07299880616535749","11.428571428571393","0.005546243946775604","0.993293383627546","5631.030491791","33.48346218879054","0.7685910134069636","3.0404179505357143",,"0.8484044780897676","5.793870331488096",,"21.48482983533826",,,,,"4.716000423968438","-0.20275657822781645",,"56.87006863065503",,"123.18423952591051",
BEML Land Assets Ltd,BLAL,"Real Estate","981.7690875",,,,,,"-14.750000000000002","0",,,"1",,"-1558.3636309523806",,,,,,,,"-3.4956332769033125","-0.38528737288237336","-3.211348437368679","0",,,,,,"85",
Oswal Greentech Ltd,OSWALGREEN,"Real Estate","771.711522795","1.5228201922419786","2.3411438447007757","1.4958024340354283","1.5254878903324014","38.30906148867314",,"0.03904565593384983","0.1284823284823285","0","22.344169463087244","28292.6984243856","20.372532280755017","0.3108205680617201","7.804525918234223",,"0.26431926270859374","6.649388377781149",,"10.54855643823199","-0.003504547904383735","-0.034935280481955086","-0.0035045479043837374","0",,"0","4.9916805324459235","-6.478766669819347",,"-17.759444203213206",
Eldeco Housing and Industries Ltd,ELDEHSG,"Real Estate","757.190165","13.260925931260974","17.7800086046178","8.270578586340585","13.599791574075486","31.546391752577307","37.34337349397588","0.2621719355800775","0.546160566935249","0.000772151084228814","2.2994296122321813","1642.3767879555","17.065363195853067","2.197684347245603","5.383506327763953","50.784048625083834","1.7762961741234773","4.383719623178103","45.43626860722182","9.838362294558808","0","0.14840842062442794","0","0",,,"1.038893578339069","2.5369978858350795",,"-12.674670340484196",
Newtime Infrastructure Ltd,NEWINFRA,"Real Estate","656.92223","0.010541851149061842","0.45993324397487473","-0.8888995952977451","-3.348305430788076","-106.34005763688758","0.4691689008042896","0.008359028714588553","0.01256358732055251",,"20.269701086956516","82.4309734506","-178.0277046070461","6.002578855994153","189.3147636887608","21897.40766666667","2.442315596668775","267.0640432276657","92671.22300000001","526.5410397727272","0","2.857206678218135","0","-1.890715459260008",,"0",,,,"86.73616103522646",
Hazoor Multi Projects Ltd,HAZOOR,"Real Estate","563.329757763","45.83777497819548","60.901528342039","27.995947066228577","85.91350230848946","5.873486214893061","36.81871345029236","4.766495747489944","-28.536764705882355","0","0.6401284538703419","-4.0141519503","12.356432501930266","6.927321172688144","0.7257533596534399",,"5.608389938589009","0.745593607012368",,"9.174536426173123","-0.0006138452802971006","7.857535104276966","0","-4.846525789174841",,"0.6305418719211823","0.6081029721567105","589.0980113636364",,"1717.8538514914271",
GeeCee Ventures Ltd,GEECEE,"Real Estate","553.95170121","2.101765980883346","2.5232541996390396","1.9611645573889367","2.110880198927317","28.11895551257254","72.7","0.06974528468925743","0.13591403503006802","0.1311374885024747","8.221339950372208","6295.939217164","47.6312726749785","0.9841731535550581","13.393416373549323","8.103447940462258","0.8436586384003126","11.48118233099613","7.0896043775753945","29.18633689059618","0","0.012404521883388983","0","0",,,"0.7550018875047187","-57.29037587773648",,"-39.89664082687339",
Parsvnath Developers Ltd,PARSVNATH,"Real Estate","539.6246508",,"-12.042436134730556","-12.032356751302775",,"-167.15339140607048","-0.6611317679417309","0.07198392237266803","-1.5401518563798986","0.00854801954728845","0.9151710915782515","2519.3014776701","-0.6743790782074033","-0.5318961990281216","1.127247500156671","1.441844308234917",,"8.275729879885526","12.203285641941845",,"0","-0.002711973957880587","0","0",,,,"-47.841009381231004",,"-62.53910217347142",
Oswal Agro Mills Ltd,OSWALAGRO,"Real Estate","537.61027788","2.8795371615133476","1.9379612407751843","2.891233677787262","2.9097644041258226","44.30426716141003","146.81818181818184","0.06525858259327194","0.17887959644232043","0.43042071197411","57.098562628336765","1636.9396148562","22.512993211055274","0.6454602272514438","9.97421665825603",,"0.4402970495006722","6.805571018181819",,"22.204617305084746","-0.07449634363005908","0","0","0",,,,"127.61824324324324",,"24.960753532182125",
Prozone Realty Ltd,PROZONER,"Real Estate","458.571663415","5.299038860682695","7.107273863108491","1.567046819470757","3.128012457671106","10.971909138200097","2.1607012417823226","0.14282353232537118","0.7675262019630676","0.016337807557595667","1.754708111760731","2538.3847253545","18.11820084610827","0.5509758178219131","1.9879125343116006","5.601217337425186","0.8816949767019511","4.7879385443688225","13.917359670047883","9.775904261063907","0.0655295614565814","-2.3456457241374653","0","-0.06077145999921996","-0.04527892636448825","0",,"100.12145397761776",,"823.1428571428592",
Kings Infra Ventures Ltd,KINGSINFR,"Real Estate","455.311261","12.7965712536354","21.71993271656856","8.981568259918786","17.397881996974306","9.3892880470281","3.957854406130271","0.9565760699781317","3.7978294573643403","2.4094955489614245","1.7411467116357506","222.8087517113","79.18456713043467","12.675703257238307","7.434867096668843",,"7.409478968314711","7.904331499020249",,"45.623116022620145",,,,,,,,"48.92996108949414",,"94.2567567567564",
Nila Infrastructures Ltd,NILAINFRA,"Real Estate","443.12535","5.413033617257203","8.131595282433281","-0.07437348423605201","-0.34626820730925645","-0.36191974822972595","1.1696428571428588","0.2054971705739693","4.416261292564279","0.004649360712901975","0.996331587920117","1331.2330888548","-963.3159782609079","3.3410642388599867","3.4864307631785993","7.6335116279069775","2.5490920316516306","3.9792710464201417","8.724604968086943","34.66520562028783","0","0.010225210541441765","0","0",,,,"34.882733736601956",,"76.76767676767774",
Cineline India Ltd,CINELINE,"Real Estate","413.93852272","7.219148375590277","6.07738256290715","0.32076828865257606","1.3310208526600138","0.9859575739468097","0.8595819841036204","0.3253368067030852","-11.793516560958427","10.851063829787234","0.5516200442745021","-60.0436617645","250.87183195151724","2.9790465830874417","2.473489828025097","5.424433530598873","1.5054792621146713","4.4387124154167905","10.08305311144292","14.553654442006271","0.4669292404339477","-0.0017542900163731783","0","2.6002278784475266","0",,,"233.7654567211807",,"104.38401067750095",
Prime Industries Ltd,PRIMIND,"Real Estate","375.603333","6.883116883116884","7.794117647058823","5.417376490630323","7.716573647173018","20.649350649350648",,"0.262350936967632","2.3547400611620803","0","1.6553846153846155","60.7905875969","236.22851132075476","18.411928088235296","48.77965363636364","100.96863790322581","16.008802294372295","48.026406883116884","99.40949811827957","232.58071257861639","1.2776776930251577","0","0","-6.068969041869494","-6.917072329334202","4.775096784085247",,"352.94117647058823",,"1093.7500000000018",
Vipul Ltd,VIPULLTD,"Real Estate","346.1552248","-20.632483081728264","-35.468788858492836","-7.138685065527689","-66.61178607925513","-138.2630214470893","-1.8736205990541246","0.05163119531753855","0.9681136272888005","0","1.04020181504586","9864.5289128679","-2.950270389499702","2.939247896747899","4.079132981381098","0.8231599562446494","1.5480094346694429","7.008546132453451","1.4153523828561907",,"0","0","0","0",,"0.15587849361850797",,"-42.56903086085545",,"-180.42543021032523",
Emami Realty Ltd,EMAMIREAL,"Real Estate","334.350759315","1.1836651816107888","0.3766933575061708","-2.0115339052553463","-35.995154677599686","-29.42341381674155","0.06398631308810979","0.06836507543903043","0.2577598900559537","0.031387427783047345","1.8185988663703465","6323.9993402245","-8.655209922728453","3.8351773263936657","2.546658232272069","4.585172234160724","1.1320370503416026","14.43789138026506","26.265079109255925","382.93954733636235","0","-0.012223902252752088","0","0",,"0",,"-45.678348297405755",,"-323.235534233571",
NDL Ventures Ltd,NDLVENTURE,"Real Estate","334.190838425","0.39770216526734425","0.3974679817459149","0.3310446297204512","0.3624404322437747","10.714285714285714",,"0.03089749877390878","0.03422285597881442","0","6.298732171156895",,"1237.7438460185183","4.922534076078952","132.6154120734127","4.463614777948443","4.756088355059655","128.1312850892857","4.312686502270601","1195.8919941666666","-0.0000029698599897098887","0","0","0",,,"2.0151133501259446","-96.36363636363636",,"100.47658524538417",
Lancor Holdings Ltd,LANCORHOL,"Real Estate","327.01725","8.133792588289003","11.458676325321045","-0.1098039215686242","-0.26756364192339244","-0.30172413793102554","1.046616541353384","0.36392156862745095","0.9800608313619464","0.058515477097829026","1.8379629629629632","982.30346511","-934.3350000000275","2.5026191933879245","2.819114224137931","3.7030602423281618","1.789422957214591","3.7172176724137924","5.0145045935573895","18.75586124401913","0","0","0","0",,"-0.6812098822277346",,"11.613586067545455",,"97.94031176470595",
Rudrabhishek Enterprises Ltd,REPL,"Real Estate","313.378975","11.782006920415213","16.65103189493432","8.405300513968033","12.172151898734164","13.018520524206636","11.093749999999991","0.6456417607775952","1.2669639794168095",,"2.6230182031708744","212.029139965","26.071462146422665","2.990828163771712","3.394118650492798",,"2.764956531141869","3.4618106249323084",,"16.569672109901518","0","0","0","0",,"0",,"14.809748818701806",,"-18.56368563685647",
Alpine Housing Development Corporation Limited,ALPINEHOU,"Real Estate","283.29964179","4.666666666666662","5.639097744360899","1.5692997494395335","3.183946488294309","4.877049180327861","2.2811059907834084","0.32177238559936705","0.6521448616864893","0.05446976645734849","2.134532249697389","1186.3745221973","119.033462936975","3.7305720541216747","5.805320528483607","13.594032715451057","3.118765556820513","6.231140200614755","14.591153636756239","53.347305577193026","0","0","0","0.007493405168418121",,,,"7.252747252747249",,"14.42307692307614",
P.E. Analytics Ltd,PROPEQUITY,"Real Estate","262.0526","15.591316228935778","21.231137008815175","13.887384948565236","16.940477173284897","31.76470588235294","1420.9999999999998","0.4371954520844612","0.5366785743956135",,"11.497592295345106","-377.733031751","25.541189083820665","3.9783300440261113","8.11308359133127","41.46401898734177","3.0243297403977523","6.167572755417956","34.40632124352331","13.76728403593642",,,,,,"-0.23468570813645795",,"25.145292522278172",,"0.07799496494640595",
Ravinder Heights Ltd,RVHL,"Real Estate","253.27183470999998","2.660154200137245","1.9838266342668196","1.9997727530962377","2.3971669844728947","36.60130718954247","11.581395348837201","0.05463664843280795","0.09293977966148494","0.00155674640002395","5.116040158767219","14104.3065628921","41.11555758279223","1.0306915505229315","15.048831533571004","34.27223744384303","0.9289219501473378","13.673311628639334","54.14631404941176","32.1848719874126","0","-0.011857814760329613","0","0",,"-0.6122374411570433",,"253.57142857142847",,"30900.00000000098",
Mercantile Ventures Ltd,MERCANTILE,"Real Estate","237.602327985","5.149838217061294","3.003485376572206","4.540602092377765","4.828577915689092","29.180387852177084","9.175925925925918","0.15560458330367946","0.5236133729284413","92","5.1671714112659","568.3010846182","14.896697679310352","0.7273021151091248","4.346914159989023","11.108103225105188","0.6934661706885602","4.195432271953897","10.746125959934394","21.058065012396707","0","0","0","0",,,,"2.436281859070455",,"38.575152041702786",
Housing Development and Infrastructure Ltd,HDIL,"Real Estate","218.04183356",,"0.8671064207895441","-0.4996582347763141",,"-739.179104477612",,"0.0006759636896519544","-0.0015436098583680358","0.0001127777151234916","0.5219890938831955",,"-11.006654899545682","-0.09543941134810756","81.35889311940298",,,"1005.2432214776119",,,"0.045988701242529184","-0.5283620815264243","0","2.561831835735063",,,,"24.07407407407407",,"-61.31921824104241",
Nila Spaces Ltd,NILASPACES,"Real Estate","216.63906","-3.5557891049220536","-4.712305753884923","-2.6586340121799497","-3.493825566886107","-107.40740740740743",,"0.02475279942374435","0.036264210677795373","0.0016633004633479864","2.612293901072515","46558.045260862","-53.35937438423643","1.8973468208092488","57.31192063492063","16.436954476479514","1.7686903135400245","53.425677248677246","15.901500787401575",,"0","0","0","0",,"-1.104539042959289",,"-60.12658227848101",,"-3283.333333333291",
RDB Realty & Infrastructure Ltd,RDBRIL,"Real Estate","214.141326","4.354700475810501","8.719635090696928","1.7824050853453128","9.867882614287375","11.890673429134955","2.6115965051628263","0.14989942293579436","0.5381757525210402","0.00038232524550236836","1.4929353329796984","2476.7452092696","12.686097511848354","1.1867730325870083","1.5084624260355028",,"1.045706365812572","4.985005114116652",,"21.43159678982436","0","0","0","0",,,,"96.13152804642169",,"230.33268101761115",
Sanmit Infra Ltd,SANINFRA,"Real Estate","199.405465","14.78890831876094","21.756954612005867","11.41910546659305","17.555178268251286","3.6025364086126435","9.906666666666672","3.1697404748757587","5.119871566179094","18.244755244755243","2.8271527341294784","87.4379093971","38.569722437137294","6.278509603274558","1.389488293498711","55.39040694444444","5.18224993754684","1.4455122639537317","128.8481149068323","23.573348295454537","0","0","0","0",,"6.192364286505386","0.03169572107765452","-2.5266589689601493",,"24.245461875568306",
S V Global Mill Ltd,SVGLOBAL,"Real Estate","181.64343365","0.21535148438701893","1.712538226299696","0.1967461218312539","0.20098948670377392","1.8413597733711187","112.0000000000001","0.10684827847143401","0.1262405006705409","0.023001095290251915","72.48717948717949","1990.8615364962","1397.2571819230661","2.8057373130985477","25.72853167847025","208.78555591954023","2.648106962774958","24.38433904390935",,"114.76895576666661","-0.3160819268073771","0","0","0",,,,"-3.683492496589358",,"-81.15942028985494",
Supreme Holdings & Hospitality (India) Ltd,SUPREME,"Real Estate","175.734984131","2.19762001252625","2.6603952480990536","3.195068015814514","3.7306542728823366","15.545122587376108","1430.9999999999998","0.20553508007773236","0.8982604111755401","0.8136659923578332","2.5142152834839773","327.3632511157","14.742867796224834","0.3271922996294917","2.291796871817945","26.30763235494012","0.25073680899495265","1.7751041227308295","20.37649463038922","9.246941856725543","0","-0.005155742278664319","0","1.8924277060587755","0",,,"-1.6040035929680618",,"-7.453416149068367",
KBC Global Ltd,KBCGLOBAL,"Real Estate","173.19674448","0.8580041010328168","0.8990051668099136","-0.48648760075034664","-0.6597953516112818","-2.9338637493784274","0.7210776545166394","0.1658180618828719","0.578053512827269","0","3.115702479338843","869.8242640019","-48.92563403389816","0.1855487229679783","1.4354114410740926",,"0.2586927197029114","2.2689105294215155",,"29.660535696641425","-0.0015664092723293773","-5.131381753110887","0","-0.32938802437732706",,"4.152630168046984",,"8.390226374416088",,"-119.68684431176986",
Ratnabhumi Developers Ltd,RATNABHUMI,"Real Estate","172.5515","5.046158117581723","4.730854605993332","0.1444496781284275","0.6592146746918564","99.99999999999336","0.9687499999999984","0.001444496781284371","0.0021542640378401532","0.5883100381194409","2.8264484624521584","3686.848949644","750.223913043515","4.92863467580691","750.2239130434652",,"1.9487853126952175","1220.702173913022",,"40.39733812949646","0","0","0","0",,,,"43.75000000000555",,"35.294117647047116",
Radhe Developers (India) Ltd,RADHEDE,"Real Estate","169.712526","1.3343597639209643","3.377308707124011","0.6226096237658986","1.2773722627737218","4.566210045662098","5.64705882352941","0.13635150760473183","-1.1640091116173117","0.6080363912054586","0.7894202898550724","1874.6989696608","242.44646571428584","3.076731798404641","11.070614872798435",,"2.465005465742879","12.532454403131116",,"79.06276790123458","0","0","0","0.4016421828521928","0.17672826341645517","-0.7822280866881918",,"-64.85557083906465",,"-94.9348677196647",
Coral India Finance and Housing Ltd,CORALFINAC,"Real Estate","165.843655875","12.235073878451562","14.004898574389246","11.555583620118082","12.552301255230127","59.70636215334421",,"0.19354023932055692","0.3562917756466143","0","20.1881390593047","1000.1090109214","9.062494856557377","1.108802940930668","5.410885999184339","7.555519629840547","0.5538788251320452","2.7028925244698208","3.775918681631723","3.7000292932112546","0","0","0","0",,"0","0.7290400972053462","12.147822905232331",,"5.414746543778812",
Sumit Woods Ltd,SUMIT,"Real Estate","164.71123194","10.152597688982963","11.419637857009509","3.079903929602184","9.274904272776963","7.414965986394531","1.589993502274202","0.41536319050598414","0.6628232793326676","0.07007012956139308","3.8919327731092435","1057.677453911","21.587317423329047","1.8643037005093375","1.6006922443148692",,"1.4061534442092265","3.0984570645286693",,"12.662082285146957","0","0","0","0",,"0",,"53.90367932994311",,"938.4615384615499",
Manas Properties Ltd,MANAS,"Real Estate","162.24","41.88306248952924","38.32528180354268","33.58183894150044","53.56760231412043","71.1439954467843",,"0.4720263281617302","3.070336391437309",,"4.278582930756844",,"6.489599999999999","2.7419300321108673","4.616960728514513","6.23760092272203","2.302060646674485","3.9103585657370523","5.282968089196464","4.4411764705882355","0","0","0","0",,,,"358.1486310299869",,"4285.964912280702",
Ansal Properties and Infrastructure Ltd,ANSALAPI,"Real Estate","150.32165658",,"-435.1018276762444","-1.1474079234930534",,"-49.12559618441972","-14.664202745512146","0.12080095661718632","-0.8538658951060722","0","0.8333434369677548","1596.6016568966","-0.3550933233647508","-0.5984618862170548","0.17444171211400322","0.591003171142127",,"1.0239537402434638","7.572705600583593",,"0","0","0","0",,,,"6.7263629833296035",,"-455.58055805009235",
Shervani Industrial Syndicate Ltd,SHERVANI,"Real Estate","146.50321632","16.27271485175571","16.767690526459173","9.771124940558646","17.24691628348296","48.60139860139861","129.57894736842107","0.20104616784171025","0.4601769911504425","0.010821797407163259","1.8793721207984986","5319.7498663719","6.19988219720694","1.0116926753677233","3.013229459481695","21.608144","0.8696079814182266","2.6181245643767994","19.434078827480917","4.982121969471623","0","0","0","2.025680687799934",,"-0.9450510881452845","0.4609144542772861","389.6273917421956",,"953.0685920577604",
Thakkers Developers Ltd,THAKDEV,"Real Estate","146.115","9.85612799235866","9.678197520142806","7.204996654026318","11.769850235032607","27.32194214176957","55.7222222222222","0.26370733883560116","0.5342793871740408","0.0011121567285482077","6.517441860465117","1685.4632627065","9.047368421052637","1.0063709621874786","2.4719167653527325",,"0.9474359739717033","2.6849094907799023",,"7.306860036832416","0","0","0","0",,,,"2.019330341732828",,"-52.4440518256773",
Pansari Developers Ltd,PANSARI,"Real Estate","145.768014","1.3798541297062858","2.4103023207768017","0.7974450020828768","1.66950454753104","8.378491037932454","4.430379746835437","0.0951776398008371","0.5482801965489655","0","1.338002743880425","2781.4332146973","72.52140000000017","1.2004283455488756","6.07619899958316",,"1.115996520796373","9.439683784910379",,"42.24962947761197","0","0","0","0",,"0",,"-60.42560211151435",,"-44.780219780219845",
Art Nirman Ltd,ARTNIRMAN,"Real Estate","142.62354","0.8731241473396975","0.703883495145629","0.2270850536746473","0.3229120798473481","0.5569620253164513","1.380952380952377","0.4077208918249381","0.5879726108961","1.2599822537710739","4.258185219831619","820.0581522284","1296.5776363636462","4.180056858147713","7.221445063291139",,"3.955076125511596","7.339419746835444",,"144.95354000000015","0","0.0020035262061227762","0","0",,,,"-38.967861557478365",,"101.00090991810735",
AMJ Land Holdings Ltd,AMJLAND,"Real Estate","140.425","5.133293642918576","7.364365971107552","3.812505240797167","4.742368402753641","17.088449010273138","12.202127659574481","0.22310422897392188","0.7104583889630621","0.0002070822116380203","3.5844525844525843","954.8929980216","20.590175953079147","0.96069644933981","3.5185417188674513",,"0.805153138850301","3.049736908043096",,"9.137762762762755","0","0.0006951219512195128","0","0",,,"0.5839416058394159","8.274552360282183",,"-22.76330690826712",
Homesfy Realty Ltd,HOMESFY,"Real Estate","138.09504","8.59396246940441","11.827956989247314","7.514712539610686","10.672953279039868","4.655946148092747","6.567164179104479","1.6140033197525274","2.341506129597198",,"3.973377703826955","126.6588586505","55.459855421686726","3.7751514488791695","2.5821810022438294",,"3.183438672831113","2.1887629020194463",,"25.839964679911695","0","0","0","0",,"0",,"74.20195439739415",,"-97.77255356606122",
Bhagyanagar Properties Ltd,BHAGYAPROP,"Real Estate","134.858925","3.731394946348217","3.8522282496738307","2.5363293864370284","3.1097913057823963","37.737737737737724","3.4629629629629624","0.06720936490850378","-1.3722527472527473",,"0.26378896882494","152.6975388381","35.77159814323608","1.0959685087362863","13.499391891891891","19.861402798232696","1.0934505019037728","15.810703203203204",,"27.23257327586207","0.8523863103609939","0.00165650882950461","0","15.867394905453978",,,,"29.908972691807545",,"77.8301886792452",
Shradha Infraprojects Ltd,SHRADHA,"Real Estate","128.78613312000002","6.2308567428021355","17.58292101887484","5.56753577729857","16.892695693552227","14.564102564102566","479.75","0.3822779847088806","1.2664804832110148","0.00004467177413950995","1.5832631283347376","1054.4966168204","9.069445994366196","1.4276259075490523","1.3208834166153849","3.830640485425343","1.1611364886671918","2.721703929435898","10.451600359196537","13.742420151216987","0","0.011333673623385828","0","0",,"0","3.537735849056603","1987.7944325481799",,"1196.6512785388138",
Motor & General Finance Ltd,MOTOGENFIN,"Real Estate","122.7651923","-2.875610077826145","-1.9302284398795821","-1.494403091084721","-3.5076020272072563","-29.254727474972196","-4.844444444444446","0.05108244786635604","0.16841513675533906","0.0039626629094751675","1.892481943532502","92600.2162216907","-46.67878034220531",,"13.655749977753057","118.04345413461537","1.6420682271468143","13.84707367074527","120.85941",,"0","0","0","0.5388074890019112",,,,"43.61022364217253",,"-113.82113821138216",
HB Estate Developers Ltd,HBESD,"Real Estate","122.617126047","2.708153875244243","6.11336946702801","-2.2481901392795307","-4.533759550912199","-11.774830414093321","1.1039967373572603","0.19093184871594132","-8.279128248114004","1.1633663366336633","0.6897382367110969","267.6136106497","-10.543175068529688","0.4898415070589644","1.241440984580338","2.8898686317935423","0.7054796017543122","3.3996874156828993","8.411501153481964","9.78971212965014","0","0","0","0",,,,"90.23497688751927",,"24.784973085317365",
Landmark Property Development Co Ltd,LPDC,"Real Estate","116.0338334","-11.805054151624548","-13.329725829725827","-11.013809363422027","-11.146144013634427","-976.1194029850748",,"0.011283260357022564","0.0369044340402093","0.01650846058605035","21.721518987341774","18973.768959429","-17.74217636085627","2.0944735270758117","173.1848259701493","464.1353336","2.0060258736462093","165.87139313432837","444.5353336",,"0","0","0","0",,,,"-58.12500000000001",,"-10800.000000000022",
Ansal Buildwell Ltd,ANSALBU,"Real Estate","111.27451400999999","0.643291389792163","3.637298846351674","-0.5961251862891221","-2.5597966686334193","-7.919123841617541","1.3270777479892746","0.07527665916225387","0.5789773189171612","0.0006032636563810214","1.211415241975965","7834.7765195159","-39.45904752127651","1.0218983745982186","3.124810839932603","182.4172360819672","0.941994302346953","3.742053187587756",,"23.337042733800374","0","0","0","0",,"0.5147725919957941",,"-81.35992462311557",,"-124.84581497797365",
Prerna Infrabuild Ltd,PRERINFRA,"Real Estate","110.04445638","14.851627772976075","18.56823266219238","15.086802888308481","22.755184798980398","52.654155495978515","25.408163265306108","0.2865263481333537","0.45316486453650817","0.49216336803569394","3.3881278538812785","4148.1318411339","11.206156454175163","2.2949834490093854","5.900507044504023","20.37860303333333","1.7553220452319218","6.533751012332442","23.569527346228245","9.564714001569866","0","0","0","0","0.7977760890225842",,,"-21.835708298407397",,"67.29539449160376",
Trescon Ltd,TRESCON,"Real Estate","104.380704","2.6125625347415227","3.114251185274705","2.627166014533259","2.664021538897549","56.854838709677416",,"0.04620831004285448","0.06578249336870026",,"65.07563025210084",,"37.01443404255319","0.9731559201939212","21.044496774193547",,"0.7618186399851768","16.578770967741935",,"24.473423809523815","0","0","0","-1.4462535144426667","0",,,"36.26373626373627",,"119.8698114965974",
Tulive Developers Ltd,TULIVE,"Real Estate","102.752915625","2.5881393927042997","2.424612876935615","2.620447745795935","2.621800165152766","181.42857142857142",,"0.01444341277210358","0.04100761570005858",,"970.5",,"80.90780757874018","2.094006839718769","146.78987946428572","10.79337349002101","1.7251460286325655","120.93273660714286","9.131921858144551","55.32870302287582","0","0","0","0",,,,,,"276.40424173847447",
Shri Krishna Devcon Ltd,SHRIKRISH,"Real Estate","102.032","5.791476975893727","9.428937765065593","2.582619667642087","6.320630749014462","14.942528735632203","3.2406779661016967","0.17283685468066254","0.42692307692307696","0.00008197729229003566","1.8029531038785485","2348.1551462206","21.212474012473987","1.299605145841294","3.169680024852439","7.927894327894328","1.045466079558176","4.351724137931035","11.021400472069239","14.352663934426225","0","0","0","0",,,,"51.197745420385154",,"73.02158273381316",
Arihant Foundations & Housing Ltd,ARIHANT,"Real Estate","100.405","8.688003631823857","10.349516363299237","1.8141125950726025","7.525664251207735","11.786263151672784","1.62179176755448","0.15391753702827612","2.3490697028603154","0.0014722438728674116","1.649842458831223","1118.8852755412","10.070712136409218","0.5643583834523073","1.1869606336446388","0.6809888768312534","0.6976364771308591","2.906667454781889","1.671936624507004","7.272256728778466","0","0","0","0",,"-0.22266279069767447",,"-10.581395348837198",,"1107.0707070707047",
Raja Bahadur International Ltd,RAJABAH,"Real Estate","99.75","3.523623471528834","3.43344155844156","-3.2532806959827454","-32.258064516129025","-22.452068617558012","0.45386266094420624","0.14489892897613044","-8.808888888888903","1.3846153846153846","1.1371557054525014","-489.0085075587","-22.41573033707866","8.613989637305691","5.032795156407669","10.795454545454545","1.5208740322697343","10.605449041372351",,"39.143389199255104","0","0","0","0",,,,"-26.07236105930624",,"11.354581673306807",
Max Heights Infrastructure Ltd,MAXHEIGHTS,"Real Estate","94.108017525","2.5024665889317426","2.4758926244461814","-0.6145232323922027","-3.26678765880218","-12.465373961218843","0.5149051490514904","0.04929841930968557","0.09787176358953502","0.02044636429085673","2.029310106456519","-2265.271033904","-104.56446391666661","3.532583240427927","13.034351457756232","117.63502190624999","1.5587767290788415","24.070362538088645",,"84.77464269512198","0","0","0","0","0","0.11821855345156473",,"12.461059190031154",,"-899.9999999999848",
Ansal Housing Ltd,ANSALHSG,"Real Estate","92.685287068","0.841607060246974","-6.5025989180014605","-2.7505950806664883","-43.83953131139924","-16.492406934551795","-0.278256922378574","0.16677948170827375","2.5909676520770177","0.007831847358293797","1.067788522889307","3691.2363423031","-1.5105164124511092","0.8099736700865169","0.24912051355462972","0.7283716076070726","0.9384279688765524","1.4175924931272679","4.151568695434508",,"0","0","0","0",,"0.4533585785753851",,"49.207940645678775",,"-142.2183296165883",
V R Infraspace Ltd,VR,"Real Estate","91.464","15.318181818181825","15.672348484848486","5.6864864864864915","24.16169039963254","14.019189765458433","4.4729729729729755","0.40562162162162163","1.5459414915533576","0.7761479591836735","1.7514659449706815","791.536168854","34.77718631178704","7.448208469055375","4.87547974413646",,"4.570181818181818","5.359488272921108",,"30.193393393393375",,,,,,"12.839506172839506",,"35.25594808940158",,"237.17948717948735",
Sam Industries Ltd,SAMINDUS,"Real Estate","84.88223785","9.919804741980473","12.620873624541511","8.268139285166436","9.910820998437067","20.401211203633608","25.23333333333333","0.4052768829575088","3.604365620736698","0.013940520446096654","1.606010016694491","411.264761407","15.748096076066792","1.487074944814296","3.2128023410295232","7.758888286106033","1.4630794604253836","3.1764662320211965","7.8067198","10.59624215277778","0","0","0","0",,,,"103.07455803228285",,"-9.411764705882367",
Krishna Ventures Ltd,KRISHNA,"Real Estate","84.834","0.3333333333333288","0.502512562814066","-0.29498525073746706","-0.33486814566764783","-0.9852216748768605","0.7499999999999933","0.2994100294985251","1.101763907734057","14.8","5.067114093959732","111.931488215","-2120.8499999999717","7.110980720871751","20.895073891625618","706.95","6.868666666666665","20.301477832512315",,"515.1500000000017",,,,,"-3.1723703703703703","-0.2978425925925926",,"40499.99999999999",,"73.33333333333297",
Shree Krishna Infrastructure Ltd,SKIFL,"Real Estate","84","0.2615518744550999","0.3487358326068","0.3878474466709756","0.38986354775828413","4.285714285714281",,"0.09049773755656107","0.6511627906976742","0.14285714285714285","146.00000000000003","88.3319755603","2800.000000000003","7.323452484742807","120.00000000000001",,"7.2275501307759376","118.42857142857144",,"921.1111111111115",,,,,,,,"24.99999999999998",,"-55.55555555555565",
Rainbow Foundations Ltd,RAINBOWF,"Real Estate","69.7131495","3.293857221914777","10.246666666666677","0.31030037532655813","3.0863497106547264","2.9844195742813366","1.1368343195266275","0.10397344193846471","0.43455871835216714","0.09555829734731648","1.3794861016236666","4556.7694507307","51.25966874999981","1.0103355","1.5298035878867675",,"0.9818553392363032","9.733446335308315",,"28.65330423126614","0","0","0","0.0000020154016979745393",,,,"15.192113245702732",,"37.52802580645146",
Poddar Housing and Development Ltd,PODDARHOUS,"Real Estate","67.21824225","-1.3595874355368018","-6.071455972993016","-6.748074598280382","-34.85459711649769","-166.48793565683644","-0.5712223291626563","0.04053191344860842","0.10703972737871045","0.0025483586162613372","1.563189610103734","4744.5283290809","-1.3530241998792272","0.5892202160764374","2.2526220593163537","4.466328388704319","0.9170320846728282","18.354163614276136","36.46393090878827",,"-0.00010365822294123369","-0.1679118090135867","0","-7.988872900818201","0","0",,"-54.47055233445226",,"-71.19228118538943",
BDR Buildcon Ltd,BDR,"Real Estate","58.243425","-2.2851465474416295","-2.135054617676267","-3.0707610146862496","-4.809200209095661",,,"0","0","0","995.9999999999999",,"-126.6161413043478","6.242596463022509",,,"3.425406110283159",,,,,,,,,,,,,"-239.3939393939394",
Manjeera Constructions Ltd,MANJEERA,"Real Estate","56.287881",,"-1.3248961835080049","-7.1036169994579605",,"-49.75374512620561","-0.07641423357664212","0.14277552335887256","1.1312826465467203","0.02495037410291647","1.0015773602412434","2064.0063883037","-1.1608142091152815","-0.5438442608695652","0.5775485429919966","0.3296894570374275",,"3.5686218038169497","2.0671493670133727","155.26691116071365","0","0","0","0",,,,"-5.962948668467771",,"-14.309288071664312",
3P Land Holdings Ltd,3PLAND,"Real Estate","54.72","2.3160762942779285","3.0235660293463757","2.250330931019267","2.304216867469879","60.7142857142857",,"0.0370642741579644","26.526315789473692",,"6.499999999999995","2302.8913716035","35.76470588235295","0.8283378746594005","21.714285714285715","5472","0.8268240993036633","21.674603174603174","5462","25.52336448598131","0","0","0","0",,"-0.27042222222222223",,"17.209302325581397",,"33.04347826086951",
Zodiac Ventures Ltd,ZODIACVEN,"Real Estate","54.51798","17.082388510959937","27.978774722624216","1.3033025433379712","10.43037974683543","2.081438819844395","1.6618911174785096","0.6261546248260155","6.193366708385491","0.0013235641692271331","1.1486194995685934","572.9919452896","26.46503883495149","2.5345411436541156","0.550853591997575","0.7507295510878546","1.852380574452003","0.9904817621501464","1.3508058426346972","8.286388841927304","0","0","0","0",,"-0.5376669348350764",,"2964.086687306501",,"402.43902439024237",
Skyline Millars Ltd,SKYLMILAR,"Real Estate","54.18206475","-7.142857142857143","-6.881077038145101","-6.63063063063063","-6.895259509087503","-317.2413793103448",,"0.0209009009009009","0.024349286314021827","0","75.51612903225806","28212.3516762414","-29.446774320652178","2.103341022903727","93.4173530172414",,"1.8036515819099381","80.10700818965519",,,"0","0","0","0",,,,"-71.98067632850241",,"-348.64864864864876",
Gujrat Credit Corporation Ltd,GUJCRED,"Real Estate","52.55","0.06136851795029152","0.09205277692543726","0.06230529595015579","0.14316392269148182","8.000000000000004",,"0.00778816199376947","0.9090909090909091",,"4.818181818181818",,"2627.499999999999","3.7589413447782545","210.2",,"2.1788892298250992","284.03999999999996",,"1775.2499999999993","0","0","0","0",,,,"-3.8461538461538547",,"-98.66666666666666",
Prime Property Development Corp Ltd,PRIMEPRO,"Real Estate","51.5920832","8.25545171339564","0.1923605386095081","8.308167237098182","9.092912229159017","187.5757575757576","0.823529411764706","0.044292329373867526","0.14075495841330776","0.0030262909022129754","6.848069738480696",,"8.334746882067853","0.7244044257231115","15.633964606060607",,"0.7204320249221184","16.818813090909092",,"102.78163555555555","0","0","0","0",,,,,,"252.83950617283952",
Tirupati Sarjan Ltd,TIRSARJ,"Real Estate","45.20729425","7.916360968451974","9.760890926957122","1.5956186313489233","3.853981175273515","1.9126372932710751","1.5360824742268089","0.8342505068590539","5.02282815472416","0.8505202726946538","1.3964814167540487","168.4108087819","14.919899092409056","0.564174394733558","0.2853635541598283","5.901735541775456","0.7256587986060162","0.6243359061355889","32.32264517973856","7.6317356674382495","0","0","0","0",,,,"70.17939628316682",,"80.3571428571445",
Modipon Ltd,MODIPON,"Real Estate","42.370681739999995",,"0.8974358974358977","-7.953063885267276",,,"-11.200000000000001","0","0",,"0.08691308691308693",,"-69.46013399999998","-0.4681843286187844",,,,,,,"0","0","0","0",,"0",,,,"-191.04477611940302",
Techindia Nirman Ltd,TECHIN,"Real Estate","41.04399","6.468427911384906","44.97528830313014","-0.46290343320046323","-2.9256399837464464",,"0.9381443298969072","0","0","0.0017793594306049821","0.24630677895899486",,"-114.01108333333323","3.3781061728395048",,,"1.34040978557043",,,"20.609105646630237","-0.012138768672343987","0","0","0","0",,,,,"32.07547169811314",
The Victoria Mills Ltd,VICTMILL,"Real Estate","40.80384","4.351869071973221","5.447680690399138","3.755115140816819","4.469487154999523","8.982725527831096",,"0.4180373906764021","0.6907066154050112","0.9111798497569598","4.629665071770336","402.0852578272","17.437538461538455","0.7588588432211268","1.5663662188099807","20.300417910447763","0.31958043518690726","0.6596483685220731","8.549174129353236","5.437924050632912","0","0","0","0",,"0.786323051948052","1.2077294685990339","3420.27027027027",,"251.94805194805195",
Shreeshay Engineers Ltd,SHREESHAY,"Real Estate","39.610188","0.8771929824561372","0.8771929824561372","0.8144980655670914","0.8857395925597843","2.906976744186036",,"0.28018733455508044","0.2831275720164609","0","454.8","1239.3855551831","198.0509400000007","1.7464809523809524","5.757294767441861","17.44942202643172","1.7403591228070174","5.767469186046512","17.480259030837004","198.4009400000007",,,,,,"0",,"-45.78408195429472",,"-71.42857142857152",
Luharuka Media & Infra Ltd,LUHARUKA,"Real Estate","38.8938","4.517869184086312","6.068779501011464","3.7430167597765367","4.622283546050362","34.715025906735754",,"0.10782122905027934","0.5092348284960422",,"32.57142857142857","2096.1738178486","58.050447761194036","2.6226432906271073","20.15222797927461","9.194751773049644","2.5289143627781523","19.4320207253886","8.866146572104018","41.67088888888889","0","0","0","0",,"0",,"14.880952380952372",,"17.54385964912283",
Grovy India Ltd,GROVY,"Real Estate","38.80855152","4.244604316546759","6.9528698086794165","3.3619723571161706","6.143344709897605","4.251299008030227","5.321428571428568","0.7908106088905491","1.3185923388352536","0.0005274261603375527","2.5127644055433995","358.1825568739","43.120612800000046","2.206284907333712","1.8331861842229569",,"1.753545018705036","2.3027185413320734",,"31.654903584415603","0","0","0","0",,,"0.08591065292096221","-4.381210478771447",,"-26.99392700602812",
Shaival Reality Ltd,SHAIVAL,"Real Estate","38.48355","50.48908954100829","47.32937685459942","42.02943939868464","67.88062721294892","65.33592989289194",,"0.643282179768243","5.376963350785341","0","6.499999999999999",,"5.735253353204172","2.904418867924528","3.7471811100292114","22.637382352941177","2.8806282919488333","3.7277069133398246","36.11655660377358","5.2732162534435245","0","0","0","0",,,,"337.0212765957446",,"410.64814814814827",
Country Condo's Ltd,COUNCODOS,"Real Estate","38.4106635","4.35845213849286","5.861919235779404","2.5186567164179006","3.6024016010673643","3.811764705882338","5.19230769230768","0.6607587064676617","1.0002353494939986","0.47553897180762855","3.1320197044334983","959.1300996618","47.4205722222224","1.6780543250327653","1.8075606352941176",,"1.4660148065173115","1.693678282352941",,"23.993775666666714","0","0","0","0",,"-0.1958367108133917",,"-17.731320170344556",,"-68.11023622047252",
Simplex Realty Ltd,SIMPLXREA,"Real Estate","38.31960342","1.1709176726876647","1.5557163531114329","1.0957474563005483","1.1459754433833564","16.406250000000004","57.33333333333334","0.06678841638403339","0.08955746020640194","0.0017667844522968198","13.770802919708029","26930.1767901993","30.41238366666666","0.34782248724698195","4.9895316953125",,"0.28918583480076243","4.1483858619791665",,"17.037221080213904","0","0","0","0",,,"0.7806401249024201","-5.067985166872679",,"-28.81355932203387",
Swasti Vinayaka Art and Heritage Corporation Ltd,SVARTCORP,"Real Estate","37.98","13.701657458563535","14.02147971360382","8.333333333333334","15.936905085667663","22.573189522342062","5.949367088607595","0.36916951080773613","0.7800480769230769","0.028994447871684145","7.232026143790849","11673.6430960157","12.962457337883958","1.9133501259445838","2.9260400616332816","70.33333333333333","1.665930018416206","3.4845916795069334","83.75925925925925","9.34504132231405","0","0","0","0",,"0",,"25.897187196896244",,"90.25974025974025",
Nimbus Projects Ltd,NIMBSPROJ,"Real Estate","35.906294",,"27.92557816031994","20.659649122807018",,"61.55561750766657","3.224899598393574","0.3356257309941521","1.2794720884608528","0.0055401662049861505","17.478672985781987","5304.9318505762","1.6261908514492756","-2.287025095541403","1.0010118204627823","10.407621449275362",,"0.9725758015054362",,"1.0780684177997528","0","0","0","0",,,,"37.69673704414589",,"30.826636504623032",
Adhbhut Infrastructure Ltd,ADHBHUTIN,"Real Estate","35.233",,"-36.23749596644079","-30.852610707204235","-870.8955223880594","-375.24115755627014","-48.82608695652174","0.0822207534699273","8.07792207792208",,"2.0472440944881884","243.762468685","-3.0191088260496994","-8.044063926940646","11.328938906752409","704.6599999999999",,"11.293569131832795","702.4599999999999",,"0","0","0","0",,"-0.5909090909090909",,"18.250950570342226",,"-1000.9433962264152",
Future Market Networks Ltd,FMNL,"Real Estate","35.102072410000005","3.985392745531798","8.400123304562273","-1.6468803407086503","-22.71524013614014","-8.751821272462351","1.0707269155206292","0.1881757281642128","-1.1172002170374387","0.1580909768829232","0.5969240025570638","300.1126479675","-3.8959014883462864","1.0057900404011453","0.3409623352112676","0.49481353834226116","0.7359530615892411","2.0358627723166585","3.602476321931935","5.2980806979271975","0","0","0","0",,"0.6865674686812602",,"14.848282016956716",,"68.14002828854318",
Popular Estate Management Ltd,POPULARES,"Real Estate","33.60048","-1.7038777908343121","-1.703544155081261","-1.7211371108102878","-2.0268731496242314",,"-43.49999999999999","0","0","0.003992015968063873","139.9714285714286",,"-37.75334831460674","0.7731357570179476",,,"0.8065115550332941",,,,"0","0","0","0",,,,,,"10.101010101010102",
Bhanderi Infracon Ltd,BHANDERI,"Real Estate","29.60124","1.1395441823270704","1.8660812294182236","1.1194029850746283","2.2003474232773623","7.470511140235919",,"0.14984289080911234","0.21036669423766202","0","4.240377632534495","2713.3272755972","51.93199999999994","1.0678658008658009","3.879585845347313","8.862646706586826","1.077593762495002","7.064382699868938","16.284362537764352","58.58830434782604","0","0","0","0",,"0",,"13.880597014925389",,"78.1250000000001",
IITL Projects Ltd,IITLPROJ,"Real Estate","27.5447771",,"58.33333333333335","-10.360360360360355",,"-41.0150891632373","0.43584905660377377","0.2525987525987526","-0.34153197470133523","0.3129251700680272","0.20170940170940174",,"-9.21230003344482","-0.49372247893887805","3.778433072702332",,,"3.5136868449931415",,"11.088648095238092","0","0","0","0",,,,"-57.14285714285714",,"-128.04878048780486",
Genus Prime Infra Ltd,GENUSPRIME,"Real Estate","25.21075716","-0.01367240907847964","-0.01364815067558347","-0.013339558460614964","-0.018959143046734305","-4.545454545454549",,"0.0029347028613352895","1.2941176470588236",,"6.333333333333334",,"-2521.0757159999976","0.48943422947000575","114.59435072727273",,"0.6387853043478261","212.367078",,,"0","0","0","0",,,,"0",,"97.29729729729729",
Rodium Realty Ltd,RODIUM,"Real Estate","24.3397626","1.8834987137081842","9.389140271493185","0.2381441182508627","1.579950967038889","0.653300292858725","2.3579545454545388","0.36452473824676657","1.50143751056993","0.0009583899049596677","1.4371304690579425","723.8106705209","83.93021586207243","1.2624358195020746","0.5483163460238792",,"0.9892480944505697","2.425540946159045",,"25.39381193396234","0","0","0","0.44296314541702486",,,,"207.6230076230076",,"143.9393939393923",
Martin Burn Ltd,MARBU,"Real Estate","23.96544435","3.199730549006399","2.210388827489199","1.0102020404080814","2.0686123911930356","18.49816849816849","2.4719101123595504","0.054610922184436896","0.15640217702663992","0.010380622837370242","50.08571428571429","27546.810264641","23.728162722772286","0.48641048000811854","4.389275521978022",,"0.5524662234759178","6.00832314102564",,"13.668935145833332","0.000013075346050522851","0","0.0000014863046271934577","0.003692105822082681",,"0.2200293023150226",,"-26.51413189771198",,"-37.65432098765434",
Parshwanath Corp Ltd,PARSHWANA,"Real Estate","22.405161898","2.4647887323943647","3.0658250676284933","2.470224966916629","2.5676295277395673","25.688073394495405",,"0.09616232906925452","0.10450623202301054","0","23.46808510638298",,"80.01843535000003","2.027616461357466","20.555194401834864",,"1.0761586177816898","11.215744860550458",,"35.95635852352942","0","0","0","0",,,,"15.957446808510634",,"-6.666666666666694",
RTCL Ltd,RAGHUTOB,"Real Estate","22.3221762","1.7726305837863394","2.531340405014466","1.2647898816809473","1.551163372529398","35.42857142857145","8.076923076923078","0.03569971440228478","2.3026315789473664","0.004739336492890995","0.935279187817259","3252.3061856574","36.003509999999984","0.5541751787487587","12.755529257142857",,"0.5710748333727251","13.806957828571429",,"20.476420508474575","0","0","0","0",,"-0.0723939671694025",,"43.44262295081967",,"87.87878787878786",
SSPDL Ltd,SSPDL,"Real Estate","20.82902175","-7.908484957665297","-61.830985915493095","-6.401602255025596","-763.7168141592932","-16.825891986742068","-1.0353773584905677","0.3804613901045916","-3.4079734219269078","0.0010031347962382445","0.8964421855146124","582.8020608206","-2.4135598783314003","3.058593502202642","0.40610297816338464","0.8515544460343417","1.2393986984327146","1.3413730113082472","2.8370730618556697",,"0","0","0","0",,,,"105.9839357429719",,"-66.60231660231656",
Nyssa Corporation Ltd,NYSSACORP,"Real Estate","20.43","2.659956865564345","3.594536304816682","2.337703364397412","2.7031963470319664","12.131147540983621",,"0.19270257463275942","0.8739255014326647",,"2.267094017094017","609.3982797033","27.608108108108073","0.7346278317152103","3.3491803278688526","6.832775919732441","0.7286125089863408","3.322950819672132","6.779264214046823","20.269999999999985","0","0","0","0",,"-0.5378666666666668",,"-65.4782116581777",,"-66.66666666666661",
Dhanuka Realty Ltd,DRL,"Real Estate","20.3950054","1.308215593929878","-0.18903591682419962","-3.7433155080213916","-11.177644710578845","-22.641509433962273","-0.018348623853211305","0.16532976827094473","0.6101973684210524","0.16392384640206517","1.543572044866264",,"-24.279768333333323","2.5589718193224593","5.497306037735849",,"1.6470437153322868","8.483828948787062",,"393.4375675000016",,,,,,"0.7751897923008151",,"-25.050505050505055",,"-105.18377541830743",
ETT Ltd,ETT,"Real Estate","18.80874924","24.818155368053535","29.045401629802097","25.524266027561417","28.28215767634855","76.27573858549688","998","0.33463151587777107","1.2017213555675095","19","277.1666666666667","3653.9754130344","2.2075996760563377","0.5472432132673843","1.6838629579230082",,"0.5132018981670061","1.5791181056401078",,"1.727595420176298","0","0","0","1.3502226902994217",,"0",,"268.6468646864687",,"5111.764705882351",
Shricon Industries Ltd,SHRICON,"Real Estate","14.7684","33.70535714285713","33.70535714285714","22.808671065032982","42.381786339754804","71.17647058823528","5.033333333333333","0.32045240339302544",,,"5","4314.9473669676","12.20528925619835","4.268323699421965","8.68729411764706",,"3.5197321428571424","9.275529411764706",,"10.306143790849674","0","0","0","0",,,,"84.78260869565216",,"218.42105263157885",
Sterling Greenwoods Ltd,STRGRENWO,"Real Estate","13.923135391999999","-1.238164603058993","-3.8043478260869548","-3.6341611144760746","-7.835455435847206","-30.76923076923076","-0.8139534883720925","0.11811023622047247","-0.5277401894451961","0.3512064343163539","0.45313553607552254","1477.4327930781","-11.602612826666668","0.9516838955570742","3.5700347158974353",,"0.9666109028404951","6.80593215179487",,,"0","0","0","0",,,,"33.561643835616465",,"-57.89473684210517",
Asia Pack Ltd,ASIAPAK,"Real Estate","13.809531119999999","1.1482254697286023","1.43884892086331","1.1351909184726527","1.1545526108632915","30.55555555555557",,"0.03715170278637771","9.600000000000001",,"2.4999999999999996",,"62.770595999999955","0.7207479707724427","19.17990433333333",,"0.7202260501043842","19.16601544444444",,"41.81676096969695","0","0","0","0",,,,"14.285714285714302",,"22.22222222222228",
Square Four Projects India Ltd,SFPIL,"Real Estate","13.340104","-0.29560810810810806","-0.4524886877828054","-0.2946127946127946","-0.3513174404015056","-83.33333333333334",,"0.005050505050505051","1.4117647058823573",,"1.0077319587628866",,"-133.40104000000002","0.6706940170940171","111.16753333333334",,"0.7195989864864865","142.00086666666667",,,"0","0","0","0",,,,"-7.692307692307699",,"-40.04721723517571",
Surya India Ltd,SURYAINDIA,"Real Estate","12.7491434","0.4640547736782045","0.5899914700028431","0.4019404019404017","0.43198152906565357","13.333333333333329","27.666666666666657","0.03014553014553014","0.6170212765957447",,"16.74",,"21.98128172413794","0.09698853860783568","2.930837563218391","31.095471707317074","0.09105472346899963","2.751527218390805","29.19303268292683","7.12449011904762","0","0","0","0",,,,"14.173228346456689",,"341.6666666666667",
RAP Media Ltd,RAP,"Real Estate","12.297171","-7.410714285714284","-7.903055848261328","-6.576862123613313","-8.96812533765532",,,"0","0",,"0.4825396825396825",,"-14.815868674698796","1.3926580973952432",,"7.108191329479769","1.3095688392857139",,,,"0","0","0","0",,,,,,"11.70212765957446",
Rander Corp Ltd,RANDER,"Real Estate","12.151945","3.0769230769230753","4.102564102564101","2.6982829108748967","3.1761308950914326","18.91117478510028",,"0.142681929681112","0.28478172174622596","0","4.492753623188405",,"18.412037878787885","0.5715872530573846","3.4819326647564472",,"0.550207226107226","3.381646131805158",,"13.260612359550567","0","0","0","0.0010456350814607163",,,,"-4.6448087431694045",,"-15.384615384615433",
Satra Properties (India) Ltd,SATRAPROP,"Real Estate","11.414912","-1.1341520703308505","-2.8021886917592442","-0.6141282698180852","-3.0273277695958107",,"-10.5625","0","0","0","1.2306313068134433",,"-6.170222702702702","0.18967949484878693",,,"0.6656258774578887",,,,"0","0","0","0",,,,,,"-110.66282420749279",
Ladam Affordable Housing Ltd,LAHL,"Real Estate","9.976007","-0.4349816849816847","-0.4943297470194819","-0.4033477866290206","-0.5830053927998831","-15.62499999999999","-16.999999999999986","0.025814258344257338","0.5130260521042084","0.024330900243309007","0.9855810008481765",,"-49.88003500000003","0.2916961111111111","7.793755468749999",,"0.5349360576923078","18.25469296875",,,"0","0","0","0",,,,"-77.06093189964159",,"-186.95652173913024",
Anna Infrastructures Ltd,ANNAINFRA,"Real Estate","9.69","2.4844720496894404","3.1380753138075312","2.3326572008113584","2.4325753569539916","19.008264462809912","29.999999999999993","0.12271805273833672","0.13664596273291926","0.17513513513513515","26.599999999999998",,"42.13043478260871","1.012539184952978","8.008264462809917","24.846153846153843","0.9772256728778467","7.801652892561983","26.22222222222222","21.953488372093027","0","0","0","0.5131578947368496",,,,"116.07142857142856",,"560.0000000000008",
KMF Builders and Developers Ltd,KMFBLDR,"Real Estate","9.587234","2.771179730799683","4.0380047505938235","1.5027001643578302","2.655601659751037","12.45136186770428","17","0.12068560694998824","0.21381031613976706","0.099721059972106","2.3380588876772084",,"29.960106250000006","0.7851952497952499","3.7304412451361872",,"0.547682818685669","2.691530739299611",,"11.926265517241381","0","0","0","0",,,,"-26.361031518624646",,"3.2258064516130776",
Athena Constructions Ltd,ATHCON,"Real Estate","9.25444370620923","2.7093596059113296","2.70935960591133","0.0951701165833929","0.269905533063428","3.6363636363636394","1.0476190476190477","0.026171782060433024","0.5882352941176473","0","0.7617924528301885","123.0037267823","462.7221853104611","1.2472296100012439","16.82626128401678","2.147202716057826","1.1117268292000757","32.82626128401678","4.1889660571251115","41.03282660502098",,,,,,,,"-49.54128440366973",,"-96",
Gyan Developers and Builders Ltd,GYANDEV,"Real Estate","8.466","-3.825136612021858","-3.8147138964577665","-3.274853801169591","-3.748326639892905","-200",,"0.016374269005847954","0.0226904376012966","0","6.826923076923077",,"-60.47142857142856","2.3131147540983608","120.94285714285712",,"2.304918032786885","120.5142857142857",,,"0","0","0","0",,,,"133.33333333333334",,"12.499999999999988",
Neo Infracon Ltd,NEOINFRA,"Real Estate","8.1247108","2.9151483602290407","4.773269689737462","-0.5150734737161073","-2.75974025974028","-2.13836477987423","0.8219178082191764","0.2408725950613543","0.825116761805916","0.00310077519379845","1.4043624161073822","1559.9043199522","-47.792416470587895","1.3363011184210523","1.021976201257862","3.042962846441948","1.1001931702238414","2.658454188679245","10.62045768844221","26.092235555555593","0","0","0","0",,,,"6.711409395973145",,"-118.08510638297885",
Raghunath International Ltd,RAGHUNAT,"Real Estate","6.9652786","-0.7401924500370107","-1.048218029350106","-0.6756756756756767","-0.7390983000739109","-7.462686567164191",,"0.09054054054054053","1.0307692307692309","0","6",,"-69.6527859999999","0.5155646632124353","5.197969104477613",,"0.4992804293116211","5.033790000000001",,,"0","0","0","0",,,,"-36.492890995260666",,"-108.06467741612913",
Sharanam Infraproject and Trading Ltd,SIPTL,"Real Estate","6.700134","-4.533333333333333","-4.815864022662891","-3.958090803259605","-4.696132596685083",,,"0","0",,"2.8289473684210527",,"-39.41255294117647","1.8980549575070822",,,"1.8400357333333333",,,,"0","0","0","0",,"-0.4673560243700664",,,,"-667.7759167420867",
Epsom Properties Ltd,EPSOMPRO,"Real Estate","6.6926144",,"-433.3333333333333","-476.9230769230769",,,"-5.2","0","0",,"7.000000000000001",,"-21.58907870967742","-7.436238222222227",,,,,,,"0","0","0","0",,,,,,"3.125000000000019",
Vaghani Techno Build Ltd,VAGHANI,"Real Estate","6.58242","0.8264462809917357","1.1019283746556476","0.8236101578586137","0.8298755186721993","37.50000000000001",,"0.02196293754289636","0.034858387799564274","0","66.85714285714285",,"109.70699999999998","0.9066694214876033","41.140125",,"0.9052920110192838","41.077625",,"82.15524999999998","0","0","0","0",,,,"-11.111111111111105",,"0",
Sanathnagar Enterprises Ltd,SEL,"Real Estate","6.1551",,"-7.444168734491311","-4.792332268370604",,"-22.388059701492523",,"0.21405750798722048","-1.1911111111111112","0","0.48",,"-20.517000000000014","-0.5124979184013323","4.593358208955223","10.612241379310346",,"16.548582089552237","38.23293103448276",,"0","0","0","0",,"-0.5478095238095239",,"13300",,"16.666666666666714",
Swagtam Trading and Services Ltd,SWAGTAM,"Real Estate","6.059645","3.355704697986577","4.484304932735425","3.3936651583710398","3.41296928327645","31.249999999999993",,"0.1085972850678733","2.823529411764706",,"4.25",,"40.39763333333334","1.3556252796420583","12.624260416666667",,"1.348913870246085","12.561760416666665",,"30.148225000000004","0","0","0","0",,"0",,"41.17647058823528",,"15.384615384615335",
Patidar Buildcon Ltd,PATIDAR,"Real Estate","5.48956886","0.28763183125599356","0.28790786948176705","0.33519553072625846","0.4313443565780033","2.5423728813559427",,"0.13184357541899444","0.2833133253301321","0.4391891891891892","19.421052631578945","993.0688116055","182.9856286666659","0.787599549497848","4.652177",,"0.8532664295302013","7.542007508474574",,"177.99137719999953","0","0","0","0",,"0.01994338768527626",,"-35.86956521739128",,"-78.57142857142844",
Pushpanjali Realms and Infratech Ltd,PUSHPREALM,"Real Estate","5.055555","-5.545257954896513","-9.337894948681832","-4.309954751131224","-12.400325467860059","-27.83053323593866","-21.0909090909091","0.15486425339366514","0.36016837674296237","0.0003253355022366816","1.965404394576905","1378.0327093251","-1.326917322834645","0.17541828591256073","0.3692881665449233",,"0.5939999227679951","2.809025200876552",,,,,,,,,,"-53.9057239057239",,"-167.61740000110305",
East Buildtech Ltd,EASTBUILD,"Real Estate","4.729536","1.6997167138810192","1.872074882995319","0.5502063273727643","0.6259780907668225","8.88888888888888","1.4999999999999996","0.06189821182943604","0.07211538461538461","0.009009009009009009","9.589041095890412",,"118.23840000000011","0.7378371294851795","10.51008","22.521600000000003","0.7478096317280454","11.732302222222225","25.140647619047627","43.996133333333354","0","0","0","0",,,,"-25",,"300.0000000000008",
Sikozy Realtors Ltd,SIKOZY,"Real Estate","4.725798","-27.027027027027085","-25","-18.867924528301884","-23.809523809523863",,,"0","0","0","37",,"-47.25798","12.772427027027055",,"67.5114","12.610264864864893",,"66.65425714285715",,"0","0","0","0",,,,,,"96.67774086378738",
Aarcon Facilities Ltd,RBGUPTA,"Real Estate","4.34484","0.4385964912280706","0.4376367614879653","0.4314994606256746","0.43956043956044005","4.0000000000000036",,"0.10787486515641856","2.222222222222222",,"6.999999999999999",,"217.2419999999998","0.9528157894736842","8.68968","39.49854545454545","0.9177280701754386","8.369679999999999","38.044","27.898933333333325","0","0","0","0",,,,"51.515151515151516",,"122.22222222222224",
Shree Precoated Steels Ltd,SPSL,"Real Estate","3.990865528",,"-19.133574007220215","-9.77859778597786",,,,"0","0",,"0.2075471698113208",,"-7.529934958490566","-4.1142943587628835",,,,,,,"0","0","0","0",,"-0.5523077599421437",,,,"-8.16326530612246",
Decorous Investment and Trading Co Ltd,DITCO,"Real Estate","3.7743","2.7548209366391183","3.581267217630854","2.773925104022192","2.793296089385475","25",,"0.11095700416088768","0.860215053763441",,"10.5",,"37.743","1.0397520661157025","9.43575",,"1.0342424242424242","9.38575",,"28.87923076923077","0","0","0","0",,"-1.383536231884058",,"14.285714285714302",,"24.999999999999996",
Jet infraventure Ltd,JETINFRA,"Real Estate","3.7728","0.7949125596184426","0.8944543828264767","0.7062146892655374","0.896860986547086","7.812500000000008",,"0.0903954802259887","0.11764705882352938","0.0047619047619047615","3.956756756756757","-1083.7287293496","75.45599999999993","0.6737142857142857","5.8950000000000005",,"0.6490937996820348","6.379375",,"68.0466666666666",,,,,,"-0.668172791774831",,"20.75471698113207",,"122.24815117319291",
Sheraton Properties and Finance Ltd,ZSHERAPR,"Real Estate","1.3824","2.071947140876091","2.773472550779019","1.8354590454167719","1.8355916892502258","71.1484593837535",,"0.025797593669834154","1.8075949367088606",,"126",,"0.544251968503937","0.011276613100579166","0.38722689075630257","0.927785234899329","0.0009984501182804476","0.03428571428571431","0.08214765100671145","0.03600000000000002","0","0","0","0",,,,"0.5633802816901401",,"0.3952569169960587",
Ridhi Synthetics Ltd,RIDHISYN,"Real Estate","0.494022","1.0518934081346423","0.9598214285714285","0.9677419354838708","1.0199456029011784","51.136363636363626",,"0.0189247311827957","0.07257731958762886",,"54.66666666666672",,"1.0978266666666667","0.01154796633941094","0.5613886363636363",,,,,,"0","0","0","0",,,,"-50.56179775280898",,"-59.908591166621015",
Antariksh Industries Ltd,ANTARIKSH,"Real Estate","0.0268","21.111111111111093","28.888888888888882","10.439560439560431","23.60248447204967","1.5979814970563484",,"6.532967032967034","15.050632911392409",,"1.4945054945054943",,"0.14105263157894748","0.02977777777777779","0.002253994953742641",,,,,,"0","0","0","0",,,,"-47.73626373626373",,"137.49999999999093",
Vsd Confin Ltd,VSDCONF,"Real Estate",,"-0.273972602739726","-0.34246575342465757","-0.23802439750074383","-0.27359781121751026","-30.769230769230766",,"0.007735792918774175","0.0093998553868402",,"10.14569536423841",,"0","0","0","0",,,,,"0","0","0","0",,,,,,"89.47368421052633",
Terraform Realstate Ltd,TERRAREAL,"Real Estate",,"-6.451612903225807","-7.936507936507938","-5.882352941176471","-7.4074074074074066",,,"0","0",,"1.2500000000000002",,"0","0",,,"0.14516129032258066",,,,"0","0","0","0",,,,,,"0",
Terraform Magnum Ltd,TERRAFORM,"Real Estate",,,"99.8346196251378","-75.43968549555142",,"-2567.605633802817","-150.91666666666666","0.029381336643906474","-0.07867036011080333","0","0.40738320810192746",,"0","0","0",,,,,,"0","0","0","0",,,,"2266.666666666667",,"-9015",