Name,Ticker,"Sub-Sector","Market Cap","Close Price","% From Upper Bollinger Band","% From Lower Bollinger Band","Super Trend","RSI Exponential â€“ 14D","Volatility","Volatility vs Nifty","Alpha","Sharpe Ratio","Beta","1W Return","1W Return vs Nifty","1M Return","1M Return vs Nifty","6M Return","6M Return vs Nifty","1Y Return","1Y Return vs Nifty"
CPSE ETF,CPSEETF,"Equity","23025.673136880003","78.78","-2.2756267405743","1.9846392323757","85.70214285714286","50.6810172085673","20.161599936512975","1.8361070721684747","8.92828293954495","0.02061282063018","0.77762243276473","0.9542230818826681","0.620940452309958","-2.600149290868362","-2.056882624351724","50.80398162327718","38.49093284123975","100.91813312930374","72.08838248943295"
UTI S&P BSE Sensex ETF,UTISENSETF,"Equity","15502.995608939998","788.11","-1.2382355424823002","3.3110916604842","797.9685714285715","63.6731051720105","19.214037468747875","1.7498130204134819","4.25937819623741","-0.002790653939747","0.689738034469074","1.6112802353870228","1.2779976058143125","1.8291826757381247","2.3724493422547623","10.959212693764348","-1.353836088273086","27.022322507857194","-1.807428132013598"
Bharat 22 ETF,ICICIB22,"Equity","10739.054693185","99.45","-1.4756690519064","1.4691404520855","108.7","54.0414155737227","15.7471308333227","1.4340835241484682","5.40628723341805","0.021133606920337","0.99641186088534","-0.0203500203500163","-0.35363264992272647","-2.1412209939248994","-1.5979543274082617","33.32886445904276","21.015815677005328","69.36307901907358","40.533328379202786"
Nippon India ETF Nifty Bank BeES,BANKBEES,"Equity","10625.94809425","477.01","-0.5764314832285","5.061859481181","471.3228571428571","77.9215973242584","12.638870061635101","1.1510157317604348","-6.21693092044186","-0.013416788414563","1.29260385310191","-0.0924952701282316","-0.42577789970094176","-0.6812672406586958","-0.13800057414205813","4.7337797782413","-7.579269003796134","18.083473611248642","-10.74627702862215"
Kotak Nifty Bank ETF,BANKNIFTY1,"Equity","8642.347920388","479.24","-0.4766434833504","5.0814349824617","470.5335714285714","73.8860517501256","12.522282429016286","1.1403981529247835","-6.50040555750733","-0.010545973830429","1.33706333702421","-0.39622641509433676","-0.7295090446670469","-0.7955399649210728","-0.25227329840443513","5.285820993892526","-7.027227788144908","18.471274597053306","-10.358476042817486"
SBI Nifty 50 ETF,SETFNIF50,"Equity","8375.508879793","231.11","-1.4576900649601998","3.3600725594625","237.9664285714286","59.7850193921067","10.204036848228263","0.9292766586330766","1.43056951945369","0.001181636917771","0.982404589710398","-0.5452657088454298","-0.87854833841814","-0.3987171708416468","0.14454949567499087","12.692607762824263","0.3795589807868289","30.10020265705924","1.2704520171884468"
BHARAT Bond ETF-April 2023-Growth,EBBETF0423,"Debt","8369.700871194","1230.39","-0.158647899757","0.6806072771177","1222.185714285714","68.2736848527726","0","0","6.12390856538256","-0.061080809493943",,,,,,,,"0.42114541759507046","-28.40860522227572"
BHARAT Bond ETF-April 2030-Growth,EBBETF0430,"Debt","6636.666277530001","1353.37","-0.2201210960433","1.9033354862279","1277.856428571428","77.0880013424214","2.6555541794510447","0.2418400238458415","6.92811730232912","-0.055078309021881",,"0.8782991854962053","0.5450165559234952","1.183035714285721","1.7263023808023588","4.1927462256815184","-8.120302556355917","8.506578367153857","-20.323172272716935"
BHARAT Bond ETF-April 2032,BBETF0432,"Debt","6496.905610791","1138","-0.3009330976343","1.8606100037377","1125.7585714285715","63.3407878180782","0","0",,,,"-0.05286576501168654","-0.3861483945843967","0.47654056352249236","1.01980723003913","4.527376436332904","-7.78567234570453","9.113572079198423","-19.71617856067237"
Nippon India ETF Gold BeES,GOLDBEES,"Gold","5168.879891351","55.99","-2.2243903352127","5.2854750269557","54.317857142857136","56.4259165953092","10.01096358998473","0.9116935711785165","9.51747345610859","-0.030196124243903","-0.007443971612839","0.7348987273705031","0.40161609779779295","6.783203496104883","7.32647016262152","11.489446435683002","-0.8236023463544324","11.890487609912075","-16.939263029958717"
Nippon India ETF Nifty 50 BeES,NIFTYBEES,"Equity","4449.399917086","244.74","-1.5911180060238999","3.2263820753810997","241.00857142857146","58.9875977090545","10.25374114321881","0.9338032045340304","2.22859559998054","0.037892634135869","0.97151863957249","-0.6707840811485193","-1.0040667107212293","-0.4672322636173674","0.07603440289927027","12.882247128822476","0.5691983467850417","30.263998296785193","1.4342476569144011"
Motilal Oswal NASDAQ 100 ETF,MON100,"Equity","3724.72539368","149.04","-2.2852205872601","6.3966134893392","139.67857142857142","58.3313429084035","14.207675671973963","1.293886093491209","9.79299642118911","0.008262611356134","0.383025689092841","1.9217570350034396","1.5884744054307296","3.28997704667176","3.8332437131883976","23.818227133006552","11.505178350969118","47.49134092033646","18.66159028046567"
SBI Gold ETF,SETFGOLD,"Gold","2644.090741","57.7","-2.2936307170823","4.936620278752899","55.17142857142857","53.8608213940494","10.220390390577586","0.9307659677582032","9.91373511824766","-0.027484158448541","-0.08497291420022","1.064758247512654","0.7314756179399439","6.806862202545651","7.350128869062289","11.583832914329921","-0.7292158677075129","12.541447240101423","-16.28830339976937"
Nippon India ETF Nifty 1D Rate Liquid BeES,LIQUIDBEES,"Debt","2580.8388","1000","-0.0006160160341","0.001116032284","1000.2657142857142","55.3791805638097","0","0","-0.000994441509548","-0.101916752053546","-0.000166082209921","0","-0.33328262957271015","0.0010000100000990915","0.5442666765167368","0","-12.313048782037434","0","-28.82975063987079"
ICICI Prudential Nifty 50 ETF,NIFTYIETF,"Equity","2180.653534008","243.23","-1.5968734262842998","3.2738283339359","230.85999999999999","58.290846172297","10.631668281395834","0.9682208446695504","2.28346107830425","0.032968413234805","0.986842333687183","-0.5634382068681902","-0.8967208364409004","-0.32567918538978113","0.21758748112685655","12.632553831905534","0.31950504986810024","30.215750307832327","1.385999667961535"
Kotak Gold Etf,KOTAKGOLD,"Gold","1984.1380216000002","56.37","-2.0918141796739","5.3522039974927","55.08571428571428","58.8804626829916","10.056827932699992","0.9158704144987404","10.4129004690932","-0.0282548672092","-0.033334275056209","1.3963480128893684","1.0630653833166583","7.211811470755257","7.755078137271894","12.000794754619509","-0.3122540274179251","12.51497005988023","-16.31478057999056"
HDFC Gold Exchange Traded Fund,HDFCGOLD,"Gold","1906.0882018","57.74","-2.1390807147145","5.5634851998418","56.334285714285706","59.4530320169976","9.628187195812188","0.8768343116647646","9.87023877771306","-0.028326200589973","-0.039703226910804","1.3811188811188795","1.0478362515461694","6.913716814159292","7.456983480675929","11.639597834493433","-0.6734509475440014","12.312779614860935","-16.51697102500986"
ICICI Prudential Gold ETF,GOLDIETF,"Gold","1905.052968","57.7","-2.0109443180545","4.6769183780723","56.07857142857143","55.9318213155255","9.71266687414429","0.8845278347645448","10.0352109679672","-0.029924776916618","-0.027974951408363","1.028053667886385","0.6947710383136748","6.895280235988191","7.438546902504829","11.497584541062807","-0.8154642409746273","12.607338017174085","-16.22241262269671"
Nippon India ETF Nifty Next 50 Junior BeES,JUNIORBEES,"Equity","1901.11000107","628.47","-2.4858645076278","1.4465171834972999","587.9957142857145","43.0783126235751","13.429162920799719","1.2229873169702228","3.77042916671474","-0.000036227040049","0.905167536148846","1.1525937389173642","0.819311109344654","0.7935105614006995","1.336777227917337","30.873992628225164","18.56094384618773","56.00208509159509","27.1723344517243"
Kotak Nifty 50 ETF,NIFTY1,"Equity","1502.04666942","238.1","-1.5143771799588999","2.9530229837413002","234.93214285714285","57.3353435649743","10.184536250247366","0.9275007486865948","1.98766484756803","0.025420345253383","0.999170967795837","-0.5553218342448436","-0.8886044638175538","-0.5678711142893175","-0.024604447772679783","12.507678495487408","0.1946297134499737","30.052436093511023","1.2226854536402314"
HDFC Nifty 50 ETF,HDFCNIFTY,"Equity","875.43042121","242.32","-1.4486630469437","3.4336203217218","237.56928571428568","62.3816521735951","10.723650124840887","0.9765975862869006","3.35716810360469","0.017242551089885","0.96993620241087","-0.4833911750123895","-0.8166738045850996","-0.21955260977630536","0.3237140567403323","12.696493349455855","0.3834445674184206","30.42682598632865","1.59707534645786"
LIC MF S&P BSE Sensex ETF,LICNETFSEN,"Equity","676.6234261679999","800","-0.9809430078972","3.5910972644579","772.1321428571429","64.3060506406419","28.541778767147807","2.599285870746817","8.65883318814005","0.020547319375944","0.856600712668616","-2.277856827437325","-2.6111394570100352","0.09423057593728014","0.6374972424539178","10.625587698434654","-1.6874610836027806","26.470216264069826","-2.3595343758009655"
UTI Gold Exchange Traded Fund,GOLDSHARE,"Gold","651.5397","56.15","-1.8045444313421002","5.7876866495072","55.12142857142857","63.3058661942643","9.929523755397344","0.9042768851658493","9.45993624231494","-0.030371808196612","0.032134819091293","0.7130124777183575","0.37972984814564736","6.805293005671079","7.348559672187717","11.408730158730158","-0.904318623307276","12.18781218781219","-16.641938452058604"
UTI Nifty Next 50 Exchange Traded Fund,UTINEXT50,"Equity","599.22049201","62.66","-2.0398838299778","1.5427011287506","59.86571428571428","47.3837917882664","14.928360403233327","1.3595185004448218","9.68728738871228","0.00114306047313","0.913477853647704","1.2379421221864888","0.9046594926137786","1.254220935841777","1.7974876023584148","31.472933277381454","19.15988449534402","55.90943020651904","27.07967956664825"
Aditya BSL Nifty 50 ETF,BSLNIFTY,"Equity","481.92970355999995","25.15","-1.8114421626518","3.2482203359663","23.815714285714286","56.34478463349","10.433255607941614","0.9501514992761135","7.30547860643154","0.003309499164637","0.697382512644068","-0.35700119000396613","-0.6902838195766763","-0.158982511923685","0.3842841545929527","12.679211469534042","0.3661626874966082","30.31088082901553","1.4811301891447393"
Nippon India ETF Nifty Midcap 150,MID150BEES,"Equity","373.16630627","179.54","-2.9144970201027998","1.4420536314327","171.62928571428574","43.4784516931807","13.80056346675743","1.2568105835357495","10.6506043826191","0.081463636799704","0.97243669134892","0.31008626035969045","-0.023196369213019707","-3.597745990463814","-3.0544793239471764","16.941314401094242","4.628265619056808","54.66919365954514","25.839443019674345"
Aditya BSL Gold ETF,BSLGOLDETF,"Gold","353.22745599999996","59.19","-1.9651193072310997","5.6820529021421","56.57428571428571","59.4295819065844","10.928023002674728","0.9952097245860321","10.1990159541124","-0.027277470216566","-0.031908833850364","0.677048070412997","0.3437654408402868","6.843901562780664","7.387168229297301","11.322174158359969","-0.990874623677465","11.953849063741252","-16.87590157612954"
Axis Gold ETF,AXISGOLD,"Gold","319.17102719999997","56.1","-2.0384086464371","4.7492333028233","54.791428571428575","55.8285238094657","10.627462186854558","0.9678377976912468","9.51108619442194","-0.020749357399729","-0.035527674305588","0.6614229531641126","0.32814032359140244","6.285390713476795","6.828657379993432","11.023154561646546","-1.289894220390888","11.575178997613365","-17.254571642257424"
Axis Nifty AAA Bond Plus SDL Apr 2026 50:50 ETF,AXISBPSETF,"Equity","298.533586836","11.6","-0.3268369886483","1.4535499470109001","11.06857142857143","70.5893147993914","1.416982209926672","0.1290438787088271",,,,"14.754098360655746","14.420815731083035","15.35125758889854","15.894524255415178","3.3868092691622014","-8.926239512875233","7.407407407407397","-21.422343232463394"
Mirae Asset Nifty 50 ETF,NIFTYETF,"Equity","286.834962568","233.58","-1.5313234206228","3.2281449564933","240.42142857142852","58.2466499100683","10.485001626548478","0.9548639839509312","2.05680630760717","0.041697795445031","0.970785260842838","-0.12000171431020491","-0.45328434388291505","-0.1670664838930716","0.3762001826235661","12.579525737420486","0.2664769553830517","30.47704167132164","1.6472910314508482"
SBI Nifty Bank ETF,SETFNIFBK,"Equity","242.866097175","472.66","-0.5346567307451999","5.060234766105999","491.70142857142855","76.3786109900046","12.417721530135877","1.1308758428645127","-5.93271456277024","-0.016014498322345","1.29580725466721","-0.14404643379160015","-0.4773290633643103","-0.5506329113924079","-0.0073662448757702","4.879401779572638","-7.433647002464796","17.999800279608554","-10.829950360262238"
ICICI Prudential Nifty 100 Low Vol 30 ETF,LOWVOLIETF,"Equity","235.24006723000002","19.58","-1.5226638095161","1.9156409193722999","18.113285714285716","52.7692970213645","10.516740417199529","0.9577544201345661","5.95404594797813","0.002728807642358","0.627926628270434","-1.7721518987341844","-2.1054345283068945","889.3416288438981","889.8848955104147","19.27387914230018","6.960830360262747","40.934283452098164","12.104532812227372"
NipponINETFNifty SDL Apr 2026 Top 20 Equal Weight,SDL26BEES,"Debt","183.7082079","119.73","-0.36870661247000003","1.0192593747063","118.81071428571428","62.4894939835931","0","0",,,,"0.18410041841004088","-0.14918221116266928","0.859309182813813","1.4025758493304505","3.7971391417425315","-8.515909640294902","8.03031670125418","-20.799433938616612"
Nippon India ETF Nifty PSU Bank BeES,PSUBNKBEES,"Equity","163.46488893","76.16","-1.2829906804881002","22.1476057666626","81.675","88.3744583212179","23.869534586499743","2.1737868721554565","3.62496385983116","0.022514289353509","1.42961133589284","1.102990033222589","0.7697074036498789","-4.289847779594914","-3.7465811130782765","31.42364106988782","19.110592287850388","85.2590610557042","56.4293104158334"
Kotak S&P BSE Sensex ETF,SENSEX1,"Equity","142.89995898","81.31","-1.2189257349159","4.9229196062624","73.1635714285714","66.0338073321269","14.314634032352991","1.3036267392007699","2.29181884676251","0.019804733760708","1.01058652156103","1.0125924964299637","0.6793098668572536","1.5531192900026072","2.096385956519245","15.007072135785007","2.694023353747573","32.68603133159269","3.8562806917218957"
ICICI Prudential Nifty Next 50 ETF,NEXT50IETF,"Equity","141.05316456","61.35","-2.3849696025813003","1.4460943686408","55.73571428571429","44.3400695160803","13.743913853047825","1.2516515308467093","7.7692812125159","0.000158646958881","0.425437015946797","1.2543323980854892","0.9210497685127791","1.2710465500165122","1.81431321653315","31.11776020517205","18.804711423134616","56.186354378818734","27.356603738947943"
Quantum Gold Fund,QGOLDHALF,"Gold","130.0258572","55.65","-2.2392661893459","5.3942972367609","54.33071428571429","57.6503872179529","9.958459505003745","0.906912049768763","9.84797986387737","-0.029836431339763","-0.052378154655482","0.7890961262553889","0.4558134966826788","7.251908396946574","7.795175063463211","11.32226445289057","-0.9907843291468641","11.791884290879867","-17.037866348990924"
HDFC S&P BSE Sensex ETF,HDFCSENSEX,"Equity","128.966509","80.46","-1.2449887871311","3.2364153514774","77.89357142857145","61.7192286916074","12.710061073396759","1.157499062477343","3.64302219821631","0.010011050249949","0.867326349853646","-0.8178438661709995","-1.1511264957437097","-0.9160683337459704","-0.3728016672293327","10.315452758674514","-1.9975960233629202","27.03223755733816","-1.7975130825326318"
Aditya BSL Nifty Next 50 ETF,ABSLNN50ET,"Equity","110.88097020000001","61.19","-2.265809087545","1.6180756006916999","58.831428571428575","46.511713315869","15.386625428968976","1.4012524728145872","6.87965349271075","0.017417697266182","0.844932768141503","0.01666666666666335","-0.3166159629060468","-0.46442196052413526","0.07884470599250243","31.337196823352638","19.024148041315204","56.176620724859625","27.346870084988833"
ICICI Prudential Silver ETF,SILVERIETF,"Equity","105.953940543","75.24","-3.4243813075496004","8.391939764682","73.65","58.050219930369","18.38366299670359","1.6741912222690052",,,,"-0.26631158455391296","-0.5995942141266231","4.215945457075276","4.759212123591913","1.020408163265294","-11.29264061877214","8.025843503230421","-20.80390713664037"
LIC MF Nifty 8-13 yr G-Sec ETF,LICNETFGSC,"Debt","96.08053938","25.04","-0.9110203835447","2.150510317381","23.792857142857144","53.8428764068367","13.487347769746968","1.2282861827835265","2.94557980373757","-0.069436672557021","-0.085936328016568","-0.7410296411856524","-1.0743122707583626","2.249899558055439","2.7931662245720768","4.159733777038269","-8.153315004999165","9.344978165938867","-19.484772473931926"
IDBI Gold Exchange Traded Fund,LICMFGOLD,"Gold","95.11848704","6016.15","-2.2502516763146003","4.9233551333292995","5936.3","55.2822510159721","11.794373449116813","1.0741078371712254","11.2612960001776","-0.021659899071475","-0.053410912723828","1.163061564059894","0.8297789344871839","7.1517949983257125","7.69506166484235","11.2124741200828","-1.1005746619546333","11.222754247471839","-17.606996392398955"
Mirae Asset S&P 500 Top 50 ETF,MASPTOP50,"Equity","90.884969692","39.28","-2.0516163322426997","5.2288443697436","36.46928571428572","59.2718343267053","14.428140590349862","1.3139637260734298",,,,"1.729478575116145","1.3961959455434347","4.286848372585333","4.830115039101971","21.234567901234577","8.921519119197143","42.215785662563356","13.386035022692564"
Mirae Asset NYSE FANG+ ETF,MAFANG,"Equity","88.390709484","84.48","-5.1825928656795","8.638720324083101","80.63071428571429","50.6982572810017","19.220247464960302","1.7503785617395513",,,,"1.359570661896244","1.0262880323235337","4.461651917404124","5.0049185839207615","38.08434128800262","25.771292505965185","76.29382303839732","47.464072398526525"
Aditya BSL Nifty Bank ETF,ABSLBANETF,"Equity","86.96789971","47.19","-0.5508664604375","5.412754177702199","48.334285714285706","73.6354051488857","12.518686529362313","1.1400706760972372","-0.121831435613347","-0.004191191216172",,"0.29623360135421195","-0.0370490282184982","0.2750158662999692","0.8182825328166069","4.6573519627411715","-7.655696819296263","17.65145848915482","-11.178292150715972"
ICICI Prudential S&P BSE Liquid Rate ETF,LIQUIDIETF,"Debt","86.396236029","999.99","-0.0020449741422000002","0.0024450797450000002","999.9442857142858","51.8718993769746","1.419859147943908","0.12930588005079754","-0.000834436099791","-0.101915714817756","-0.000026009591968","-0.0009999999999990906","-0.33428262957270927","0","0.5432666665166377","0","-12.313048782037434","0","-28.82975063987079"
Motilal Oswal Midcap 100 ETF,MOM100,"Equity","77.05321196","50.63","-2.1670969444077","1.6653403319123","54.10142857142857","51.8809687669814","13.369710644277342","1.217573027145854","9.93469245356646","0.06532040644495","1.04538603924405","0.9192645883293382","0.5859819587566281","-2.9032878292635993","-2.3600211627469614","18.266760102779724","5.95371132074229","59.414357682619645","30.584607042748853"
Kotak Nifty PSU Bank ETF,PSUBANK,"Equity","74.910257103","685.94","-1.3112531004901","22.0809716784273","733.9507142857142","87.4962348204584","24.42398988194846","2.2242808454700924","2.74282230044965","0.023985275242898","1.48095021545292","0.4921448945509423","0.15886226497823214","-4.860780747166644","-4.317514080650007","31.903928619502736","19.5908798374653","86.44233644097741","57.61258580110662"
Invesco India Gold Exchange Traded Fund,IVZINGOLD,"Gold","74.215319455","5854.2","-2.4689446410691","5.1174541744475","5733.328571428571","54.002539861815","12.313570697552146","1.121390877341866","9.63811980928537","-0.026802431944267","-0.026458478690742","2.1779911882142398","1.8447085586415297","7.903345995165471","8.446612661682108","11.89113253887099","-0.4219162431664447","11.946763043914752","-16.88298759595604"
Mirae Asset Nifty Financial Services ETF,BFSI,"Equity","70.75370617","21.12","-1.3956664935745","4.651353010467401","21.785714285714285","67.4692156119507","12.133940497628961","1.1050320426515354",,,,"0.1427891480247386","-0.19049348154797155","0.1904761904761864","0.7337428569928242","5.231689088191334","-7.0813596938461005","17.59465478841871","-11.235095851452083"
Axis NIFTY IT ETF,AXISTECETF,"Equity","54.986265108","371.04","-2.8815914031711998","4.313394654913401","394.16999999999996","51.5573628129985","18.681708750400993","1.7013341036830205",,,,"-5.558941540961955","-5.892224170534665","-5.354643320693258","-4.8113766541766205","8.200163303394378","-4.112885478643056","26.890325228275366","-1.9394254115954261"
ICICI Prudential S&P BSE Sensex ETF,SENSEXIETF,"Equity","53.792091600000006","815.07","-1.5196271925066","3.1156162417860003","841.7557142857142","58.8193508651688","9.835919752505704","0.895752414278925","2.7341144947774","0.013226938830403","0.888887827152073","-0.8019657942028703","-1.1352484237755804","0.11103845631870224","0.6543051228353399","10.786858952576425","-1.5261898294610088","26.979700571749067","-1.8500500681217247"
Nippon India Nifty Pharma ETF,PHARMABEES,"Equity","45.057158312","19.1","-4.9666623185478","1.6559744990216","18.495714285714286","37.5799433710705","13.993494846638292","1.274380750197024",,,,"-1.2010443864229603","-1.5343270159956703","-1.7653167185877456","-1.222050052071108","24.7550620509471","12.442013268909665","60.77441077441078","31.94466013453999"
Nippon India Silver ETF,SILVERBEES,"Equity","43.024297066","72.47","-3.5400076648870002","8.4137264283512","71.11500000000001","57.2900493283832","18.640026081540224","1.6975380833610663",,,,"1.4995185032329117","1.1662358736602014","6.4953810623556585","7.038647728872296","0.8909926214673543","-11.42205616057008","7.474417914874672","-21.35533272499612"
Nippon India ETF Nifty 50 Value 20,NV20BEES,"Equity","41.63824782","139.27","-1.6011351216902998","2.6580387802359","134.89428571428573","54.9664718541011","12.084828174202574","1.1005594073121887","10.6215726060097","0.042502533627337","0.781797462371061","0.6302669782593204","0.2969843486866103","0.7229940459313735","1.2662607124480112","17.596892679219795","5.283843897182361","37.17127942480056","8.341528784929768"
UTI Nifty Bank ETF,UTIBANKETF,"Equity","39.20116296","47.65","-0.4913158608853","5.1519164910675","49.033571428571435","73.3755073590772","13.469586343517346","1.2266686583601325","2.75075234186824","0.085918559496749",,"0.5248792777661138","0.1915966481934036","0.44052863436123524","0.9837953008778729","4.932834177493949","-7.380214604543485","18.326297491929463","-10.503453147941329"
Mirae Asset Nifty India Manufacturing ETF,MAKEINDIA,"Equity","38.618346536000004","121.37","-2.6140907213849","1.3578525276109","116.27571428571429","44.7524964231007","11.441850941543525","1.04200378435339",,,,"1.4349624377479555","1.1016798081752452","1.7269110302209485","2.270177696737586","22.78199291856349","10.468944136526055","52.28356336260978","23.45381272273899"
Mirae Asset Nifty Midcap 150 ETF,MIDCAPETF,"Equity","38.500961536","17.7","-2.2594079080096","1.1939678589881","19.24","45.2043629906311","13.706536642134095","1.248247606479956",,,,"0.6300114547537196","0.2967288251810094","-3.248898678414096","-2.7056320118974586","17.218543046357613","4.905494264320179","55.672823218997365","26.843072579126574"
Axis Nifty 50 ETF,AXISNIFTY,"Equity","37.35465305","238.13","-1.2528993204976","3.371559078874","226.54214285714286","62.7824892396179","10.04063741858217","0.9143959522751379","8.306979612801","0.015022786694405","0.772406012185024","0.905873430521617","0.5725908009489068","0.8421407217145985","1.3854073882312363","12.644276253547773","0.3312274715103385","30.41787611588805","1.5881254760172574"
Nippon India Nifty Auto ETF,AUTOBEES,"Equity","36.765885389","213.91","-5.7992728884717","0.8377822722687001","203.36714285714285","30.790198502182","13.629440524308437","1.241226500634082",,,,"1.9782441278398217","1.6449614982671115","2.924459557930537","3.4677262244471745","29.454127329944317","17.141078547906883","73.62824675324676","44.79849611337596"
DSP NIFTY 1D Rate Liquid ETF,LIQUIDETF,"Debt","35.335546641","999.99","-0.0014999935133","0.0005000085134000001","999.9442857142858","45.3495844519139","0","0","-0.000201875949868","-0.101911737646867","0.00000842754842","0","-0.33328262957271015","0","0.5432666665166377","0","-12.313048782037434","0","-28.82975063987079"
DSP Nifty50 Equal weight ETF,EQUAL50ADD,"Equity","31.948726656","285.57","-1.7472278633440999","1.8030660322117","275.7171428571429","50.5543696546866","14.379213177086275","1.3095079304124173",,,,"-0.902452466244146","-1.2357350958168563","0.7282403193053651","1.2715069858220027","18.488859383428075","6.175810601390641","44.643671174593514","15.813920534722723"
SBI Nifty 200 Quality 30 ETF,SBIETFQLTY,"Equity","31.730069844000003","196.46","-1.204354166534","1.0666373463504","203.95714285714286","48.8070854324467","11.453567422700374","1.0430707985774972","5.66040104730046","0.005086031758842","0.375100785069561","-1.2887635924285008","-1.6220462220012108","-0.8445006321112453","-0.3012339655946076","11.885642690358223","-0.4274060916792113","33.45560763535086","4.625856995480067"
Motilal Oswal M50 ETF,MOM50,"Equity","31.504857428999998","224.99","-1.9966929924262002","2.822116940337","221.4064285714286","51.8913115944543","14.594165245369688","1.3290835104256709","1.87507970920041","0.015187022887975","0.954427362009792","-0.17825311942959254","-0.5115357490023027","0.9009009009009009","1.4441675674175385","12.556906298464167","0.2438575164267327","30.07457940683356","1.244828766962769"
Nippon India ETF Nifty 5 yr Benchmark G-Sec,GILT5YBEES,"Debt","31.257184430000002","55.1","-0.6172003623808","1.4523097746016","54.84357142857142","56.0931498802855","0","0",,,,"0.07255577725376228","-0.2607268523189479","0.5101111313536184","1.053377797870256","3.766478342749529","-8.546570439287905","7.659241891363817","-21.170508748506975"
Aditya BSL Nifty IT ETF,TECH,"Equity","29.57509189","36.64","-2.2038548692282003","4.782302741982599","40.33357142857142","56.7252464418409","19.632625315391934","1.7879336114363715",,,,"-3.2082794307891387","-3.5415620603618487","-4.0769230769230855","-3.533656410406448","8.498667456322172","-3.814381325715262","27.266411948593266","-1.5633386912775258"
ICICI Prudential S&P BSE Midcap Select ETF,MIDSELIETF,"Equity","29.289530724000002","147.3","-3.9245357059825","1.0308328523345","142.57999999999998","37.6038057057557","13.298585389010999","1.2110956848409007","5.92010626684932","0.003303462150089","0.859176615747461","-1.5389853592100722","-1.8722679887827822","-2.9662438762499077","-2.4229772097332702","22.07856787667828","9.765519094640847","58.93396633577902","30.104215695908227"
SBI Nifty 10 yr Benchmark G-Sec ETF,SETF10GILT,"Debt","28.388294608000002","227.53","-0.8873967946387","1.7061376046437","225.1292857142857","54.0220772595234","4.690941846182679","0.42720178587159896","3.69696990003914","-0.062435120747126","-0.072157553211468","0.057052576143243855","-0.27623005342946627","0.44054804176395435","0.983814708280592","3.8949771689497723","-8.418071613087662","8.6528819063082","-20.176868733562593"
Kotak Nifty IT ETF,IT,"Equity","27.800666394","37.29","-2.6310700597001","4.6092805550703995","40.402857142857144","53.1716620480071","18.038482062790123","1.6427557629834337",,,,"-5.210168638308584","-5.543451267881294","-6.481251552023855","-5.937984885507218","8.622196329740754","-3.6908524522966797","27.44360902255638","-1.3861416173144114"
Axis NIFTY Healthcare ETF,AXISHCETF,"Equity","26.973934176","120.08","-4.1812817694734","2.3825049684093","124.27000000000001","49.0683108516504","16.71691848467199","1.5224016125318869",,,,"-2.36696323652846","-2.70024586610117","-4.733824733824735","-4.190558067308097","25.331385032877566","13.018336250840132","58.87801005557026","30.048259415699466"
HDFC Nifty IT ETF,HDFCNIFIT,"Equity","26.947385721","35.9",,,"39.32071428571428",,"20.566795764046475","1.8730080585430755",,,,"-2.5579536370903297","-2.89123626666304","-5.160788381742743","-4.617521715226106","8.25317371769744","-4.059875064339995","26.395099109249042","-2.4346515306217498"
SBI Nifty Next 50 ETF,SETFNN50,"Equity","24.859794348","624.67","-2.5242460138424","1.4213480019306","652.7628571428571","42.5797406798908","13.776146340686122","1.2545869277741664","3.16304637822345","-0.002282633092384","0.890061925481886","1.928910952126018","1.5956283225533077","1.6222685881572732","2.1655352546739106","31.46795748710933","19.154908705071897","56.34729939430343","27.517548754432635"
Aditya BSL Nifty Healthcare ETF,HEALTHY,"Equity","24.652576575","12.06","-4.4014401304399","1.7493125867934","11.560000000000002","43.2461630256785","13.096767234703387","1.1927162039672075",,,,"-0.916666666666662","-1.2499492962393721","-3.724696356275296","-3.1814296897586587","25.755995828988535","13.442947046951101","59.52380952380954","30.694058883938748"
HDFC Silver ETF,HDFCSILVER,"Equity","23.31605892","72.17","-3.3258722405384002","8.344195510166","71.04214285714286","58.0622557207389","18.172447226209986","1.654955905073048",,,,"0.44211108040896296","0.10882845083625281","4.966791799018188","5.510058465534826","0.5433268319866266","-11.769721950050808","7.029512086608326","-21.800238553262467"
Axis NIFTY India Consumption ETF,AXISCETF,"Equity","22.46870916","101.5","-4.160431251625","0.3843911336343","103.71642857142857","31.9673590189059","17.052659152845994","1.5529773514211627",,,,"0.3291442250149594","-0.004138404557750774","-0.03974957766072945","0.5035170888559082","17.899872226739454","5.58682344470202","40.348451327433644","11.518700687562852"
ICICI Pru Nifty 5 yr Benchmark G-SEC ETF,GSEC5IETF,"Debt","21.99720003","55.45","-1.7559429124794999","1.464881495032","54.12357142857143","48.7522734912804","8.180646586727194","0.7450074944497959",,,,"0.725952813067148","0.39267018349443783","0.45248868778280543","0.9957553542994431","3.6448598130841177","-8.668188968953316","7.795489891135314","-21.034260748735477"
Nippon India ETF Nifty IT,ITBEES,"Equity","21.450464595","37.41","-2.550493958418","4.6311961669877","40.80428571428571","53.9544002479667","18.419224149268494","1.6774297590877345","11.4262534455441","0.057901449305412",,"-4.993694829760396","-5.326977459333106","-5.754315736802595","-5.2110490702859575","8.152645273200326","-4.160403508837108","27.028862478777583","-1.8008881610932086"
Nippon India ETF Nifty India Consumption,CONSUMBEES,"Equity","20.996392725","109.4","-3.8339763988747997","0.6674291226291","104.89214285714286","31.0272649847048","10.360997468586483","0.9435709857697713","7.94318352859093","0.007120089896622","0.643969845307154","1.4954128440366932","1.162130214463983","1.7755289788408395","2.3187956453574774","17.143163079558843","4.830114297521408","40.25641025641026","11.426659616539471"
DSP Silver ETF,SILVERADD,"Equity","20.802747875","72.57","-3.6769562095273005","9.521890060919299","70.59357142857144","59.2569746621235","18.869068021500162","1.7183968211154055",,,,"0.9568714464013282","0.623588816828618","3.999999999999996","4.543266666516634","0.9037819799777412","-11.409266802059692","6.720588235294108","-22.109162404576683"
Indiabulls NIFTY50 Exchange Traded Fund,IBMFNIFTY,"Equity","20.204048429","202.26","-0.8333040391761001","3.7248947002275","190.90071428571434","61.144137814656","16.513515087816874","1.5038777643926127","7.54942381124511","-0.001293132028575","0.73516171140771",,,,,"1.1148327750837324","-11.198216006953702","14.594900849858352","-14.23484979001244"
Nippon India ETF S&P BSE Sensex Next 50,SNXT50BEES,"Equity","20.010432868000002","72.17","-1.1356354278449001","2.6154183846745003","68.62428571428572","57.6640301310147","15.372549731171315","1.3999706058817358","21.8952909474016","0.062739406014718",,"4.765374526377143","4.432091896804433","-1.896834061135372","-1.3535673946187343","22.9262476579799","10.613198875942466","52.09694415173867","23.267193511867877"
ICICI Prudential Nifty FMCG ETF,FMCGIETF,"Equity","19.692535094","559.07","-2.3702061074819003","1.1640583828262","580.8864285714286","43.2496175687395","11.375673427862019","1.0359770304612506",,,,"-2.024820378837366","-2.358103008410076","-0.9211653813196173","-0.37789871480297965","4.971929626917519","-7.341119155119915","20.877386434887907","-7.952364204982885"
ICICI Prudential Nifty 100 ETF,NIF100IETF,"Equity","19.229981756999997","249.03","-1.7405408671282998","2.5311388278103997","243.99928571428572","53.4166990795834","10.924614409671394","0.9948993056837985","7.08291696751376","0.002887851042363","0.621174017724023","-0.18148820326678308","-0.5147708328394932","0.008081461128176108","0.5513481276448138","15.591347939101377","3.278299157063943","34.40738341968912","5.577632779818327"
Nippon India ETF Nifty Infrastructure BeES,INFRABEES,"Equity","18.095091273","843.76","-1.7246911319763","2.7093321135628","815.5907142857144","55.6599041266266","13.349092553428484","1.215695347668957","5.69421055175891","0.018114824755042","0.948082259575103","0.27359944563255995","-0.05968318394015021","-0.05596903840429024","0.48729762811234745","31.695515772058236","19.382466990020802","58.83737128442611","30.00762064455532"
Aditya BSL Silver ETF,SILVER,"Equity","17.228399595","75.11","-3.3301530254733","8.8681947904701","73.47785714285715","59.6896460945368","17.672997708368584","1.6094712810954164",,,,"-0.13333333333332575","-0.4666159629060359","4.1869522882181185","4.730218954734756","0.8187919463087241","-11.49425683572871","7.715473971031113","-21.11427666883968"
ICICI Prudential Nifty Healthcare ETF,HEALTHIETF,"Equity","17.1837348","120.62","-4.517109065884","1.8313924273902","127.54785714285714","42.3768694489861","13.94009583898187","1.269517728615727",,,,"-2.2831814000167183","-2.6164640295894284","-4.892144892144885","-4.348878225628248","25.75062552126773","13.437576739230295","59.38160676532769","30.551856125456897"
ICICI Prudential Nifty Auto ETF,AUTOIETF,"Equity","17.035611191999998","21.37","-5.6273575291815","0.8770613177951","20.026","32.5768191021652","14.747545965346223","1.3430518177807427",,,,"1.495417269657495","1.1621346400847847","908.2906023865434","908.83386905306","29.648728993508467","17.335680211471033","73.00841968911918","44.178669049248384"
SBI Nifty Consumption ETF,SBIETFCON,"Equity","16.390346702","101.9","-3.4799152510452998","0.8289270760584","95.265","36.7900956142135","12.295274592919696","1.119724660017122",,,,"-2.0628781116731116","-2.3961607412458217","-2.7764103573889862","-2.2331436908723488","18.392006506332073","6.078957724294639","41.13573407202217","12.305983432151375"
DSP Nifty Midcap 150 Quality 50 ETF,MIDQ50ADD,"Equity","16.197496464","205.49","-2.0393151836982","0.8571565158882","216.99714285714285","41.9177293290935","13.842716496410649","1.2606494393856482",,,,"-0.13664535649797527","-0.4699279860706854","-2.71927739481816","-2.176010728301522","7.400825798358854","-4.91222298367858","32.13091563786008","3.301164997989286"
HDFC Nifty50 Value 20 ETF,HDFCVALUE,"Equity","15.966448","124.59","-2.7149860633748","2.9681271301206","120.56785714285715","48.6802302686274","20.18002875986603","1.8377853761223693",,,,"-4.528330898746819","-4.861613528319529","-0.6559999999999946","-0.1127333334833569","17.482319660537488","5.169270878500054","38.0651595744681","9.235408934597306"
Tata Nifty India Digital Exchange Traded Fund,TNIDETF,"Equity","15.501888424","78.64","-3.4307412805218","2.1622342366117002","76.54714285714286","40.8882005274294","14.640466115073911","1.3333001080458584",,,,"0.2675500063702484","-0.06573262320246176","-0.266125966290703","0.2771407002259347","18.291215403128753","5.978166621091319","46.11668524712003","17.28693460724924"
HDFC Nifty 100 ETF,HDFCNIF100,"Equity","15.224317124999999","22.94","-1.0130328138689","3.2519988221222","21.550714285714285","59.8905280156703","18.42412972684103","1.6778765076445141",,,,"-1.5099223468507394","-1.8432049764234497","-0.26212319790302435","0.28114346861361333","15.490222317696329","3.177173535658895","33.517931561260426","4.688180921389634"
Kotak Nifty Midcap 50 ETF,MIDCAP,"Equity","15.187976201999998","135.79","-2.4094462208082","3.1510677437283","143.54642857142858","55.3773054855941","14.721018160146421","1.3406359435004356",,,,"0.33763945977684934","0.004356830204139184","-2.932613789675512","-2.389347123158874","16.708207993124194","4.39515921108676","59.56521739130435","30.73546675143356"
Mirae Asset Hang Seng TECH ETF,MAHKTECH,"Equity","14.354740188","12.38","-7.919608251496","28.890530189478604","13.052857142857144","58.520367008885","22.567536517628742","2.055214543087746",,,,"-0.7861635220125898","-1.1194461515852998","-0.39463299131807983","0.14863367519855786","-13.122807017543854","-25.43585579958129","-11.44492131616595","-40.27467195603674"
ICICI Prudential Nifty50 Value 20 ETF,NV20IETF,"Equity","13.801773789","13.49","-1.3846164907617","3.0287774859242997","13.12414285714286","59.192142314001","12.225633128202302","1.1133824457937258","10.9608703007513","0.036626942849021","0.551866512619589","-0.7309941520467811","-1.0642767816194914","885.7008056906437","886.2440723571603","16.89774696707105","4.584698185033616","36.20759289176088","7.37784225189009"
ICICI Prudential Nifty India Consumption ETF,CONSUMIETF,"Equity","13.10207943","101.55","-3.4201786104194","0.8506490030324001","96.74428571428571","34.2011720789427","12.487462140011251","1.1372270861890872",,,,"3.513675384308241","3.180392754735531","1.6666666666666694","2.209933333183307","17.2497402147558","4.936691432718366","40.28180687940323","11.452056239532435"
DSP Nifty 50 ETF,NIFTY50ADD,"Equity","12.801381996","226.57","-1.331345042499","3.4735930938958","232.01999999999998","61.7950210260268","29.180374675824623","2.6574424886675945",,,,"-0.5999911766003376","-0.9332738061730478","-0.3714348883484428","0.1718317781681949","12.665340626553954","0.35229184451651996","30.190197092455318","1.360446452584526"
HDFC Nifty Private Bank ETF,HDFCPVTBAN,"Equity","12.781170502","23.84",,,"24.721428571428568",,"16.648344324552916","1.5161565972176698",,,,"1.7979452054794594","1.464662575906749","-0.5020920502091943","0.041174616307443346","2.365923826699293","-9.947124955338142","15.987155784762079","-12.842594855108713"
Aditya BSL S&P BSE Sensex ETF,BSLSENETFG,"Equity","12.67263724","71.42","-1.5362829449488","2.9238962547331","68.45285714285716","56.4705602578462","12.38558458511701","1.1279491469568053",,,,"-0.6016510423954003","-0.9349336719681105","0.0845308537616262","0.6277975202782639","10.935073004038532","-1.377975777998902","26.45184135977338","-2.3779092800974126"
Nippon IN ETF Nifty 8-13 yr G-Sec Long Term Gilt,LTGILTBEES,"Debt","12.591982437999999","25.48","-0.6054489905798","1.8023070828241","25.072142857142854","62.6708281580806","1.4169822099266642","0.12904387870882641","4.41144492080075","-0.071457502660916","-0.020542372843953","-0.07864726700746981","-0.41192989658018","0.47449584816133256","1.0177625146779703","4.084967320261438","-8.228081461775997","8.9354424967935","-19.89430814307729"
Quantum Nifty 50 ETF,QNIFTY,"Equity","12.214835948","2366.05","-1.6141993634536","3.1854818943573995","2323.3935714285717","57.5696990911158","10.553518654143316","0.9611037962340334","2.15295611347136","0.022268006150822","1.02870359177737","-0.6779689744448071","-1.0112516040175172","-0.7620692720968337","-0.21880260558019604","12.56184586108469","0.24879707904725556","30.147196338793613","1.3174456989228212"
Motilal Oswal S&P BSE Low Volatility ETF,MOLOWVOL,"Equity","12.120252429999999","34.79","-0.8566762372804","3.0007114726043","33.199285714285715","57.562155009738","17.98197513666528","1.6376097047831406",,,,"-1.3120365088419874","-1.6453191384146977","-0.6603502727533646","-0.11708360623672687","21.728481455563337","9.415432673525903","44.59684123025769","15.767090590386896"
Kotak Nifty Alpha 50 ETF,ALPHA,"Equity","11.560360832","44.03","-2.7707650947819","1.2064984196628","46.65642857142857","44.7353059691024","15.699567244697514","1.429751931332054",,,,"1.0824504836480857","0.7491678540753756","-1.987494417150515","-1.4442277506338772","27.438494934877006","15.125446152839572","74.79158396188963","45.96183332201883"
Kotak Nifty 100 Low Volatility 30 ETF,LOWVOL1,"Equity","11.309675944999999","18.46","-2.6741659510622","3.7773241758567","17.65714285714286","51.507867780463","19.6517299919203","1.7896734650092863",,,,"-0.6507592190889424","-0.9840418486616526","-0.7046070460704553","-0.16134037955381764","19.173660426081348","6.860611644043914","41.0236822001528","12.193931560282007"
Nippon India ETF Nifty 100,NIF100BEES,"Equity","11.262924036","236.91","-1.5569247151488002","2.8224057577379","228.54357142857148","55.8744290776668","10.469518711973048","0.9534539624725146","4.3530531917907","0.000318450932821","0.773812785083228","0.00847888756995516","-0.32480374200275497","-0.12701100762065323","0.4162556588959845","15.515139694768147","3.2020909127307124","33.70393363056606","4.874182990695271"
Nippon India ETF Hang Seng BeES,HNGSNGBEES,"Equity","10.982502","244.15","-5.8879148517113995","20.5001358215639","239.64","56.6922768195699","19.11337088104416","1.7406453633725778","-10.8456277708381","-0.112266197762882","0.266555703158957","-0.7801504001286838","-1.113433029701394","0.2926710296329413","0.835937696149579","-8.503222905111667","-20.8162716871491","-12.996222649846768","-41.82597328971756"
Motilal Oswal Nasdaq Q50 ETF,MONQ50,"Equity","10.8938445","62.27","-1.4910346931037","7.8840460699145005","57.88","65.8175238800434","11.887164869473892","1.0825583065630735",,,,"-0.8068420203324189","-1.140124649905129","4.576386526029258","5.119653192545895","16.9829043772309","4.669855595193464","17.71266540642723","-11.11708523344356"
HDFC Nifty100 Quality 30 ETF,HDFCQUAL,"Equity","10.5760902","51.46","-1.8340466076069002","2.0612227158128","49.49785714285714","51.4492256402463","16.697149480288527","1.5206012589452418",,,,"-0.3832886163281005","-0.7165712459008107","0.8145849495733022","1.3578516160899399","13.799203892083154","1.4861551100457202","34.81791983232905","5.988169192458262"
HDFC Nifty Growth Sectors 15 ETF,HDFCGROWTH,"Equity","9.508923105","110.62","-3.5795762527694","1.5580967887838","108.2042857142857","45.8849317574832","13.680242299772527","1.2458529935464524",,,,"-1.83185840707964","-2.1651410366523502","-1.5093669537423322","-0.9661002872256945","10.09156050955414","-2.2214882724832936","30.37124337065411","1.5414927307833182"
HDFC Nifty NEXT 50 ETF,HDFCNEXT50,"Equity","8.575619","59.77","-1.5966755928926002","2.2383315663772","56.40285714285714","52.3646537283597","18.280911557341067","1.664833698804444",,,,"-0.4017408771342517","-0.7350235067069619","1.121685927940171","1.6649525944568087","31.361788873509305","19.04874009147187","56.075076360716785","27.245325720845994"
UTI S&P BSE Sensex Next 50 Exchange Traded Fund,UTISXN50,"Equity","8.33829663","73.5","-2.8026035634626","1.5792829358723999","71.03642857142857","46.9368374749682","21.90158422500936","1.9945665926247067","12.6925612185337","0.026148773974396","0.594532635571482","2.047222601337519","1.713939971764809","1.2046561992420148","1.7479228657586525","23.674911660777386","11.361862878739952","51.76543464794549","22.9356840080747"
Axis Silver ETF,AXISILVER,"Equity","7.8703070319999995","75.09","-3.6211725539349002","8.801745593582599","72.70214285714285","56.3654480897074","17.973966605797013","1.6368803717832194",,,,"1.3762693746659556","1.0429867450932453","5.375000000000006","5.918266666516644","1.2267457535723867","-11.086303028465048","6.752914415695194","-22.076836224175597"
HDFC Nifty200 Momentum 30 ETF,HDFCMOMENT,"Equity","6.758470765","30.33","-4.0475895501432","4.9665164579288","29.236428571428572","51.4778037811056","19.786668894262988","1.8019622850276502",,,,"0.29811195760185444","-0.035170671970855716","0.3646005966191562","0.9078672631357939","32.469717826182794","20.15666904414536","67.24521002790621","38.415459388035416"
ICICI Prudential Nifty Infrastructure ETF,INFRAIETF,"Equity","6.324786144","83.1","-1.453881082451","3.1897743996286","87.49714285714286","63.7530043054154","13.599586717653791","1.238507729023577",,,,"2.5612879619465896","2.2280053323738795","1.6193353474320282","2.162602013948666","32.03050524308865","19.717456461051214","59.715548721891196","30.885798082020404"
Motilal Oswal S&P BSE Enhanced Value ETF,MOVALUE,"Equity","6.174690856","90.07","-2.5823419315525","8.3862942375623","98.79","67.7882302660921","24.34887955846282","2.21744058494617",,,,"0.14526762766790666","-0.1880150019048035","-4.54787517307487","-4.004608506558233","40.492902823272495","28.17985404123506","86.86721991701242","58.037469277141625"
ADITYA BSL Nifty 200 Momentum 30 ETF,MOMENTUM,"Equity","6.166183576","30.57","-3.3956496513317003","1.5466110033924","29.345714285714287","46.0553371054271","16.323959204822483","1.486615002586352",,,,"0.4950495049504903","0.16176687537778017","1.2637179913535053","1.806984657870143","33.08663474096648","20.773585958929047","67.96703296703296","39.13728232716217"
Motilal Oswal S&P BSE Quality ETF,MOQUALITY,"Equity","5.722810688","173.12","-2.6845096158575","2.0795819162648","180.30142857142852","41.4809689585343","16.564962150671626","1.5085630233129046",,,,"-1.0290697674418665","-1.3623523970145768","-1.6125303433129234","-1.0692636767962858","25.997088791848615","13.68404000981118","51.43456962911128","22.60481898924049"
Motilal Oswal S&P BSE Healthcare ETF,MOHEALTH,"Equity","5.7107817","34.76","-3.9161844097374","2.3744630669633002","33.239999999999995","46.3483938189436","22.788274879858793","2.075317078068389",,,,"2.5418833044483033","2.2086006748755933","-0.7270693512304195","-0.1838026847137818","24.364937388193198","12.051888606155764","59.30339138405132","30.473640744180525"
HDFC Nifty100 Low Volatility 30 ETF,HDFCLOWVOL,"Equity","5.647267751999999","18.17","-1.5915055103770999","6.4563296231883","17.017142857142858","60.5497023931554","23.290036450544378","2.1210122595708105",,,,"-4.488912925905886","-4.822195555478596","-2.860286028602858","-2.3170193620862207","19.230948647378206","6.917899865340772","36.11984247389911","7.2900918340283205"
Kotak Nifty MNC ETF,MNC,"Equity","5.40821454","25.71","-1.6260058475633998","2.2789482753083","24.65","52.608347411978","16.13083599135039","1.4690273657334934",,,,"0.7039499413375038","0.3706673117647936","2.87654814222932","3.419814808745958","15.96752368064952","3.6544748986120865","35.88794926004228","7.058198620171485"
Kotak Nifty India Consumption ETF,CONS,"Equity","5.369101517","101.19","-5.1191933794806","3.4056125728571","96.93928571428572","48.8970499786338","14.230930784021242","1.2960039252024091",,,,"-0.5183413078149881","-0.8516239373876983","0.15052684395382987","0.6937935104704676","18.628370457209847","6.315321675172413","41.62351294611616","12.793762306245366"
ADITYA BSL Nifty 200 Quality 30 ETF,NIFTYQLITY,"Equity","5.3081630099999995","18.78","-1.7176967484071","1.3887319631317","18.02857142857143","49.8295391431462","12.139892000783227","1.105574043140881",,,,"-2.3170089520800303","-2.6502915816527404","-2.2140221402213927","-1.670755473704755","11.985688729874786","-0.3273600521626481","34.23874195854182","5.408991318671031"
Nippon India ETF Nifty 50 Shariah BeES,SHARIABEES,"Equity","3.899409808","491.6","-1.4040321822749","3.7155557674607","486.9671428571429","60.046073572563","14.855963992094805","1.35292539459461","10.4544182743974","0.024635765917063","0.369551236741976","-3.147908581285037","-3.481191210857747","-3.567525370804054","-3.0242587042874165","10.095852369434748","-2.2171964126026857","26.913643991222408","-1.916106648648384"
Edelweiss Nifty 50 ETF,NIFTYEES,"Equity","3.5215454999999998","20100","-0.9923754222373999","0.5681837080502","19722.125714285714","52.0236573743197","0","0","29.1156313092923","0.111248485696195","0.868868770089987","0","1.0670674632677404","0","-1.8703530318885198","0","-12.249591882559276","0","-5.59318598949012"
Invesco India Nifty 50 ETF,IVZINNIFTY,"Equity","3.37218525","2459.66","-1.347946397813","3.9199546420556","2526.3821428571428","62.2398837685198","29.433707556063464","2.680513390504951","2.16006877943471","0.018760771011538","1.05754965042655","0.16260162601626016","-0.17068100355645","0","0.5432666665166377","12.40049353379334","0.08744475175590516","31.06303618052964","2.233285540658848"
Nippon India ETF Nifty Dividend Opportunities 50,DIVOPPBEES,"Equity","3.13730683","72.13","-1.7592463410383001","2.1970093936164","67.63642857142857","50.8188641793809","12.98049490581928","1.1821273396888832","12.5758605044435","0.014865976829215","0.648079347307856","-2.3972602739726026","-2.7305429035453126","-2.889464358729732","-2.346197692213094","23.80707174733951","11.494022965302076","49.46125155408205","20.631500914211255"
IDFC Nifty 50 ETF,IDFNIFTYET,"Equity","2.786231955","238","-1.1989442482589","3.4706774471929998","228.8171428571429","60.1288463534503","23.559747711009077","2.145574732506595","12.5417949044064","0.03167957891044","0.740831604229541","-0.7660108832147394","-1.0992935127874497","-0.09271355725062112","0.45055310926601655","12.455112455112463","0.14206367307502887","30.24681223663329","1.4170615967624975"
Motilal Oswal Nifty 200 Momentum 30 ETF,MOMOMENTUM,"Equity","2.209998054","61.15","-3.4862618621062","1.4919856941807","66.61285714285715","42.6186774590817","16.962143944332936","1.5447341755317014",,,,"0.11545439551377253","-0.21782823405893764","0.4301786896095386","0.9734453561261762","33.1663763066202","20.853327524582767","67.44249726177435","38.612746621903554"
Edelweiss ETF-Nifty Bank,EBANK,"Equity","1.7649299939999998","4531.74","-3.018221775356","9.6247969479162","4700.545","66.2688689774686","31.08695596650943","2.831073916853543","27.1383071165318","0.071969087878504","1.26660411384004",,,,,,,"4.002680540606286","-24.827070099264507"
ICICI Prudential Nifty 200 Momentum 30 ETF,MOM30IETF,"Equity","0.6286160439999999","30.69","-6.2390588444629","2.2585111371733","32.22071428571427","21.9493627731985","14.91984681565994","1.3587431721771126",,,,"-1.711333548595407","-2.044616178168117","0.09865175928971107","0.6419184258063487","32.857142857142854","20.54409407510542","67.06586826347305","38.236117623602254"
BHARAT Bond ETF-April 2031-Growth,EBBETF0431,"Debt","0","1213.23","-2.0643065778816","0.46042102436649995","1198.0249999999999","36.3829969716115","1.7447893289131708","0.1588971131432756","3.14626096543457","-0.13193077695746",,"0.927373654646385","0.5940910250736748","1.6666666666666667","2.2099333331833044","4.832800483884911","-7.480248298152524","9.23701649499387","-19.59273414487692"
BHARAT Bond ETF-April 2025-Growth,EBBETF0425,"Debt","0","1193.2","-1.2495715910481","0.3271369593368","1183.482857142857","36.058663394519","1.0019820357671108","0.09125001526917258","3.10436195173621","-0.133332615424837",,"3.154362416107375","2.821079786534665","3.7584594872833414","4.301726153799979","3.330619879799785","-8.982428902237649","7.302158273381299","-21.527592366489493"
HDFC Nifty Bank ETF,HDFCNIFBAN,"Equity","0","47.49","-8.6390995176839","2.3562525501836","48.91571428571429","37.853305265549","13.196418046839346","1.201791354822612","3.88556665640078","0.072054511565188",,"-2.2381756756756803","-2.5714583052483904","-2.8127623845508047","-2.2694957180341673","5.14080765143465","-7.172241130602784","18.11963686108694","-10.710113778783853"
ICICI Prudential Nifty Private Bank ETF,PVTBANIETF,"Equity","0","23.45","-8.1070654150232","3.0431982870346","24.244","42.1652590342811","13.131889008336747","1.195914726760953","-5.95829788471876","-0.02562960736917",,"0.43010752688172654","0.09682489730901639","899.4435646107091","899.9868312772257","1.7618469015795817","-10.551201880457853","16.53911142033595","-12.290639219534842"
ICICI Prudential Nifty Midcap 150 ETF,MIDCAPIETF,"Equity","0","179.34","-6.585691761335501","2.0107185204692","187.49285714285713","39.9170653742877","13.681852693701757","1.2459996513360996","12.7258352728429","0.081438948753974",,"0.65596019000226","0.32267756042954987","-3.2082653616095733","-2.664998695092936","17.25400457665905","4.940955794621615","55.407279029462735","26.577528389591944"
ICICI Pru Nifty Alpha Low- Volatility 30 ETF,ALPL30IETF,"Equity","0","265.91","-2.7843384308751","1.2948089118816","258.83428571428567","46.7701923218812","11.384446369794292","1.0367759780039203","5.17805895398011","-0.017638996257212",,"-0.14749262536874788","-0.480775254941458","-0.3585176239716376","0.18474904254500008","31.177544275072773","18.86449549303534","56.999468618999835","28.169717979129043"
ICICI Prudential Nifty IT ETF,ITIETF,"Equity","0","37.33","-7.411600359489901","4.1649681697897","40.15","42.3723293524468","19.00396853680994","1.7306821452454058","5.47339096339964","0.026969867049002",,"-5.0176500252143095","-5.3509326547870195","-5.777888944472225","-5.234622277955587","8.171544479860911","-4.141504302176523","27.449641515875722","-1.3801091239950694"
ICICI Prudential S&P BSE 500 ETF,BSE500IETF,"Equity","0","33.62","-6.0576087027237","0.6757799279143","32.88142857142858","37.8552013318738","11.333347564593891","1.0321224347383435","5.77626024067763","0.058879591037521","0.94794120792197","0.44977511244377383","0.11649248287106367","-1.7883318674875386","-1.245065200970901","15.891072044122701","3.578023262085267","39.04052936311","10.210778723239205"
ICICI Prudential Nifty Bank ETF,BANKIETF,"Equity","0","47.21","-8.7429276246184","2.337187495631","49.30428571428572","38.5481064345672","12.989479854430575","1.182945594576403","-4.40524991096295","-0.000391607732977",,"-0.14839940640237498","-0.48168203597508513","-0.8003369839932508","-0.25707031747661313","4.841216966466799","-7.471831815570635","18.054513628407097","-10.775237011463695"
Kotak Nifty 50 Value 20 ETF,NV20,"Equity","0","137.24","-6.0491677894189","1.4400314639405","134.15071428571426","34.574083232052","13.331857469003069","1.214125756936943","7.55684797928799","0.038010026247456","0.773691424329272","-2.7610192348640687","-3.094301864436779","-1.6511127063890962","-1.1078460398724586","16.02975989178222","3.716711109744786","35.7467853610287","6.917034721157908"
LIC MF Nifty 100 ETF,LICNFNHGP,"Equity","0","242.75","-6.6525727817372","1.5801630382638001","224.61357142857142","38.8935273072047","16.689665266107962","1.5199196752103283","4.96834427476292","0.018802390589823","0.706647518252779","-1.1803278688524572","-1.5136104984251673","0.8406172891137932","1.3838839556304308","15.413873436979976","3.1008246549425422","34.11602209944751","5.286271459576721"
LIC MF Nifty 50 ETF,LICNETFN50,"Equity","0","240.89","-6.2885936856719","0.9413303139072","233.4864285714286","30.5203225357842","16.475197667746496","1.5003882156365609","7.51287520434251","0.016721317295982","0.810496118708154","-0.3955202131645733","-0.7288028427372835","-0.07935513511255804","0.46391153140407965","12.371134020618548","0.05808523858111414","30.528312110539133","1.6985614706683414"
Mirae Asset Nifty Next 50 ETF,NEXT50,"Equity","0","600.39","-7.6348349524687995","1.3774902477061","615.8028571428572","33.773001793399","14.207675671973947","1.2938860934912075","6.26619132313865","0.037138248543374",,"0.9490678195082418","0.6157851899355317","1.2328535139712062","1.776120180487844","31.258608250803427","18.945559468765993","56.800731261425966","27.970980621555174"
Tata Nifty 50 ETF,NETF,"Equity","0","235.28","-6.365595338186999","1.6153108430718","223.78857142857146","38.590708796903","14.96197420128773","1.362579692638124","8.61631425654632","0.015258138167479","0.936001539233472","0.5324813631522897","0.1991987335795795","-0.4219409282700422","0.12132573824659548","13.12082311649598","0.8077743344585464","30.929326655537015","2.099576015666223"
Tata Nifty Private Bank Exchange Traded Fund,NPBET,"Equity","0","238.89","-7.7327371661287","3.2119630346477","248.09142857142857","43.6990592984979","16.811995717344217","1.5310602497363448","-0.153745264163923","-0.026504851824226",,"0.6697838999115394","0.33650127033882926","-0.25043826696720206","0.2928283995494356","1.306136296170639","-11.006912485866795","15.943506115317412","-12.88624452455338"
UTI Nifty 50 ETF,UTINIFTETF,"Equity","0","238.21","-6.4953447193369","1.7995145960755001","234.13857142857142","39.7722230446464","911.0932940756377","82.97282189534799","1.67409297652828","-0.004045134116824","0.949917480967552","0.8658008658008667","0.5325182362281565","1.0867276020386725","1.6299942685553102","1026.9811231489805","1014.6680743669431","30.649159756044057","1.819409116173265"
SBI S&P BSE Sensex Next 50 ETF,SETFSN50,"Equity","0","738.78","-7.2997617779555","1.8815063131524998","704.99","37.3388535311583","13.563077823501148","1.2351828818407244","12.22467110758","0.02663296963087","0.834921427821768","1.3103448275862069","0.9770621980134967","-0.8410621954018358","-0.2977955288851981","23.84209202916772","11.529043247130286","52.46723764317407","23.63748700330328"
IDFC Sensex ETF,IDFSENSEXE,"Equity","0","771.5","-5.7395639193742","1.9294917499463","816.7185714285714","43.6176685297814","26.216029007061024","2.387480974506621","11.3416013124755","0.035665262196415","0.888685781266568","-6.143552311435523","-6.476834941008233","0.4949850201901725","1.0382516867068101","9.59585197812344","-2.7171968039139944","26.00032663726932","-2.8294240026014705"
SBI S&P BSE 100 ETF,SETFBSE100,"Equity","0","247.68","-6.8178323634722","1.564639952428","238.18857142857138","36.1749033099009","16.372000073696626","1.49099006108224","9.73676836231548","0.012902501101542","0.676657452227432","-2.552570323904209","-2.885852953476919","-0.8032128514056225","-0.2599461848889848","13.875862068965521","1.5628132869280869","33.18993331899333","4.360182679122541"
Nippon India ETF S&P BSE Sensex,SENSEXBEES,"Equity","0","814.4","-6.2646365518174","1.2889418538763","834.8692857142858","36.216852662224","10.021199766845276","0.9126257748123947","8.58111142657483","0.011367808071406","0.627409447978853","-1.2531389128140478","-1.5864215423867578","-0.4889975550122249","0.05426911150441277","10.572549658533937","-1.740499123503497","27.061393244402826","-1.7683573954679659"
SBI S&P BSE Sensex ETF,SBISENSEX,"Equity","0","792.01","-6.4773081699402","1.530724793509","764.5771428571429","37.4230810171668","10.376285254790321","0.9449632370025632","2.70175467181046","0.002547578407528","0.921731014768354","-0.8918477578193723","-1.2251303873920825","-0.11393847322445591","0.42932819329218175","11.073557254049511","-1.2394915279879228","27.179446005620232","-1.6503046342505598"
SBI Nifty Private Bank ETF,SBIETFPB,"Equity","0","237.58","-7.6732155635497","3.5418368374133","243.0357142857143","45.2896264087375","14.311954831397076","1.3033827456765255",,,,"-0.5738880918220884","-0.9071707213947986","-0.3805175038051774","0.16274916271146028","2.0182068017863353","-10.2948419802511","16.89052890528906","-11.939221734581732"
SBI Nifty IT ETF,SBIETFIT,"Equity","0","374.43","-7.0009370628920005","4.1457373949381005","404.3935714285714","43.6915707877365","18.35445586839872","1.67153134334039",,,,"-4.033626212240145","-4.366908841812855","-5.131414267834794","-4.588147601318156","8.273090046845184","-4.039958735192251","27.422154160285853","-1.4075964795849387"
Axis NIFTY Bank ETF,AXISBNKETF,"Equity","0","474.89","-8.7353188563566","2.5481092837784","465.0428571428572","38.9518236256684","13.635205702421445","1.2417515325928021",,,,"-0.027426160337551783","-0.36070878991026195","-0.28198059805138254","0.26128606846525515","4.580589750930435","-7.732459031106999","18.014413518886684","-10.815337120984108"
NipponETFNifty CPSE Bond Plus SDL Sep 2024 50:50,SDL24BEES,"Debt","0","120.05","-0.6791804064568999","0.23529193714809998","119.32500000000002","42.8312856152454","0","0",,,,"0.1836393989983296","-0.14964323057438056","0.7386268255833435","1.2818934920999812","3.3577270770555243","-8.955321704981909","7.43690710578128","-21.39284353408951"
Mirae Asset Nifty 100 ESG Sector Leaders ETF,ESG,"Equity","0","36.85","-6.563560897572001","2.0009417387959","36.36714285714286","40.2467721894857","11.197053627466039","1.0197102123630286",,,,"-0.5694143167028223","-0.9026969462755324","-0.3532608695652051","0.1900057969514326","13.349738541987092","1.0366897599496578","31.513204853675955","2.683454213805163"
Motilal Oswal 5 Year G-Sec ETF,MOGSEC,"Debt","0","54.85","-1.0795735581421","0.78297297502","54.60999999999999","51.4531698979246","0","0",,,,"0.18261504747991494","-0.1506675820927952","0.5130084279956049","1.0562750945122426","3.686200378071839","-8.626848403965596","7.591212240094164","-21.23853839977663"
ICICI Pru Nifty Financial Services Ex-Bank ETF,FINIETF,"Equity",,"22.47",,,"23.443571428571428",,"14.605987871262123","1.3301601911990746",,,,"1.6356201726487933","1.3023375430760833","-0.8421985815602736","-0.2989319150436359","10.853478046373949","-1.459570735663485","42.39543726235742","13.565686622486627"
Kotak Silver ETF,KOTAKSILVE,"Equity",,"73.27",,,"69.885",,"18.491240329842256","1.6839882375258755",,,,"0.6428669128710147","0.30958428329830456","4.5170454545454435","5.060312121062081","0.8950702285871542","-11.41797855345028","7.988209285187919","-20.841541354682874"
ICICI Pru Nifty 10 yr Benchmark G-sec ETF,GSEC10IETF,"Debt",,"227.8",,,"225.68000000000004",,"3.816599635147926","0.3475758671830254",,,,"-0.21939447125932426","-0.5526771008320344","0.2866593164277864","0.8299259829444241","4.25152166948882","-8.061527112548614","8.787010506208215","-20.042740133662576"
BHARAT Bond ETF - April 2033,EBBETF0433,"Equity",,"1107.76",,,"1093.487857142857",,"1.4227074138916156","0.12956527024138115",,,,"0.136652820387514","-0.19662980918519615","0.8659981768459435","1.4092648433625812","5.088604712935918","-7.224444069101516","9.54363411619283","-19.28611652367796"
ICICI Pru Nifty Commodities ETF,COMMOIETF,"Equity",,"82.28",,,"86.01214285714288",,"15.025888169974047","1.3684003065916215",,,,"0.8139104698483124","0.48062784027560224","-1.6718787587202315","-1.1286120922035938","27.250231982678635","14.9371832006412","48.627167630057805","19.797416990187013"
DSP Nifty Bank ETF,BANKETFADD,"Equity",,"47.19",,,"49.30285714285714",,"16.888483167047976","1.5380259244732422",,,,"-0.06364022061943389","-0.396922850192144","-0.2751905165114364","0.2680761500052013","4.820079964460228","-7.492968817577206","18.419071518193217","-10.410679121677575"
Kotak Nifty 1D Rate Liquid ETF,LIQUID1,"Debt",,"1000",,,"1000.0114285714286",,"0","0",,,,"0","-0.33328262957271015","0.0010000100000990915","0.5442666765167368","-0.0009999900000990894","-12.314048772037534","0.0010000100000990915","-28.828750629870694"
HDFC NIFTY Smallcap 250 ETF,HDFCSML250,"Equity",,"142.52",,,"156.61785714285713",,"14.89715784973766","1.3566768991173719",,,,"1.6389922702547897","1.3057096406820796","-6.338213955942496","-5.794947289425859","17.882547559966916","5.569498777929482","59.151312116136246","30.321561476265455"
HDFC NIFTY Midcap 150 ETF,HDFCMID150,"Equity",,"17.58",,,"17.08285714285714",,"19.2168636930162","1.7500704032790753",,,,"1.6082711085583064","1.274988478985596","-2.21116639027086","-1.6678997237542224","16.868789449432104","4.555740667394669","54.61612416918715","25.78637352931636"
HDFC S&P BSE 500 ETF,HDFCBSE500,"Equity",,"31.96",,,"30.764999999999993",,"28.576017299430404","2.6024039571815596",,,,"1.03383458646616","0.7005519568934498","-0.2782931354360031","0.2649735310806346","15.046796256299496","2.7337474742620618","39.07745865970409","10.2477080198333"
Mirae Asset Gold ETF,GOLDETF,"Gold",,"65.58",,,"63.107857142857135",,"14.529026528389371","1.3231513592424238",,,,"2.0590043023970552","1.7257216728243452","5.899234693877555","6.442501360394193","10.683544303797465","-1.6295044782399692","11.246819338422384","-17.582931301448408"
Aditya BSL CRISIL Overnight AI Index ETF,ABSLLIQUID,"Equity",,"1000",,,"999.9664285714287",,"0","0",,,,"0","-0.33328262957271015","0.0010000100000990915","0.5442666765167368","0.0010000100000990915","-12.312048772037334","-0.0009999900000990894","-28.83075062987089"
ICICI Prudential Nifty PSU Bank ETF,PSUBNKIETF,"Equity",,"69.61",,,"75.58142857142857",,"24.29957412815242","2.2129503634570864",,,,"3.8017253984500576","3.4684427688773476","-1.4027777777777848","-0.8595111112611471","32.59047619047619","20.277427408438754","87.93196544276458","59.10221480289378"
Axis S&P BSE Sensex ETF,AXSENSEX,"Equity",,"73.43",,,"71.70071428571427",,"18.154965093445497","1.6533638157692951",,,,"-0.6237288135593135","-0.9570114431320237","-0.14986376021798287","0.3934029062986548","10.321514423076929","-1.9915343589605055","26.603448275862082","-2.22630236400871"
Mirae Asset Nifty 100 Low Volatility 30 ETF,LOWVOL,"Equity",,"182.29",,,"183.8392857142857",,"19.137481844122576","1.7428411370197328",,,,"0.2488800398208001","-0.08440258975191006","0","0.5432666665166377","19.24511022437364","6.932061442336206","51.908333333333324","23.078582693462533"
Mirae Asset Nifty 8-13 yr G-Sec ETF,GSEC10YEAR,"Debt",,"26.21",,,"24.120714285714282",,"31.851406934951566","2.9006920936799108",,,,"0","-0.33328262957271015","-0.03844675124952542","0.5048199152671122","5.515297906602259","-6.797750875435175","8.305785123966949","-20.523965515903843"
UTI Silver Exchange Traded Fund,SILVERETF,"Equity",,"73.82",,,"71.03214285714286",,"22.712446351931348","2.068411411016264",,,,"0.05408328826393491","-0.2791993413087752","4.534538776663362","5.077805443179999","1.554546705186402","-10.758502076851032","-12.223543400713437","-41.05329404058423"
DSP Gold ETF,GOLDETFADD,"Gold",,"65.84",,,"62.53857142857142",,"23.698675480495755","2.158226816710146",,,,"3.379009654313301","3.0457270247405908","7.4445703188218175","7.987836985338455","11.782682512733455","-0.530366269303979","7.934426229508202","-20.89532441036259"
Mirae Asset Silver ETF,SILVRETF,"Equity",,"73.42",,,"70.97714285714287",,"18.28061153291905","1.6648063757266711",,,,"-1.3333333333333333","-1.6666159629060435","4.225352112676056","4.7686187791926935","0.7133058984910782","-11.599742883546355","2.8579434015130376","-25.971807238357755"
DSP Nifty IT ETF,ITETFADD,"Equity",,"35.67",,,"38.35285714285715",,"28.058255972868537","2.555251685715548",,,,"-3.6745406824146944","-4.007823311987405","-3.2428157131558053","-2.6995490466391674","2.5294624892210478","-9.783586292816386","20.18194070080863","-8.64780993906216"
Mirae Asset Nifty Bank ETF,BANKETF,"Equity",,"469.22",,,"456.7550000000001",,"17.014808301982153","1.549530292895176",,,,"-0.21756286927030732","-0.5508454988430175","-0.06195257423627867","0.48131409228035904","5.053173625881574","-7.25987515615586","-5.937775639483592","-34.767526279354385"
Mirae Asset Nifty 1D Rate Liquid ETF,LIQUID,"Debt",,"999.99",,,"999.9657142857143",,"0","0",,,,"0","-0.33328262957271015","-0.0009999999999990906","0.5422666665166386","0","-12.313048782037434","0","-28.82975063987079"
DSP Nifty PSU Bank ETF,PSUBANKADD,"Equity",,"68.44",,,"73.48285714285714",,"37.59284801956644","3.4235623328025735",,,,"-0.5250109377278686","-0.8582935673005787","-4.387440426128412","-3.844173759611775","31.010719754977018","18.697670972939584","52.35975066785395","23.53000002798316"
DSP Nifty Private Bank ETF,PVTBANKADD,"Equity",,"23.45",,,"24.223571428571436",,"30.42846746671797","2.771105690362792",,,,"-0.08539709649873238","-0.41867972607144255","-0.6369426751592447","-0.09367600864260706","-3.9328144203195445","-16.24586320235698","-16.339636104174105","-45.1693867440449"
DSP S&P BSE Sensex ETF,SENSEXADD,"Equity",,"72.92",,,"71.21000000000001",,"29.898860116134724","2.722874607267187",,,,"-2.174496644295308","-2.5077792738680182","-0.19172829361818758","0.35153837289845014","10.06792452830189","-2.2451242537355434","-8.288265626965165","-37.11801626683596"
ICICI Prudential Nifty 200 Quality 30 ETF Regular,QUAL30IETF,"Equity",,"186.44",,,"192.65285714285716",,"13.215317934093514","1.203512558336214",,,,"-1.862326574172897","-2.195609203745607","-0.7501349163518698","-0.2068682498352321","12.313253012048191","0.00020423001075720038","16.897611135494383","-11.932139504376408"
HDFC Nifty 1D Rate Liquid ETF,HDFCLIQUID,"Debt",,"1000.01",,,"999.9578571428572",,"1.9110661718118183","0.17403986412263345",,,,"0","-0.33328262957271015","-0.001999980000198179","0.5412666865164395","0.002000020000198183","-12.311048762037236","0","-28.82975063987079"
UTI Nifty Midcap 150 Exchange Traded Fund,NIFMID150,"Equity",,"174.83",,,"183.89857142857144",,"39.18814888254253","3.568845604267659",,,,"3.0544565976262508","2.7211739680535407","-1.210262130507538","-0.6669954639909004","16.429142248268526","4.116093466231092","15.789125107623024","-13.040625532247768"
Navi NIFTY 50 ETF,NAVINIFTY,"Equity",,"223.51",,,"227.96071428571423",,"26.774780837364293","2.438366231154777",,,,"-0.07239819004524732","-0.4056808196179575","-0.522522522522521","0.020744143994116726","11.26543209876543","-1.047616683272004","11.26543209876543","-17.56431854110536"
Motilal Oswal Nifty 500 ETF,MONIFTY500,"Equity",,"20",,,"21.03571428571428",,"11.203992393857659","1.0203421224338511",,,,"-0.5000000000000071","-0.8332826295727173","-1.970443349753705","-1.4271766832370674","14.613180515759316","2.300131733721882","14.613180515759316","-14.216570124111476"
Mirae Asset S&P BSE Sensex ETF,SENSEXETF,"Equity",,"73.32",,,"71.16428571428571",,"35.1078774150893","3.197257271925526",,,,"0.48176187198898046","0.1484792424162703","0.013700506918763004","0.5569671734354007","10.538218000904562","-1.7748307811328718","10.538218000904562","-18.29153263896623"
Mirae Asset Nifty 200 Alpha 30 ETF,ALPHAETF,"Equity",,"22.91",,,"24.56642857142857",,"22.542861428314502","2.0529673947394538",,,,"-0.8733624454148441","-1.2066450749875544","-2.783725910064249","-2.240459243547611","37.10353081986833","24.7904820378309","37.10353081986833","8.27378017999754"
Mirae Asset Nifty IT ETF,ITETF,"Equity",,"35.65",,,"39.16857142857143",,"33.776813806035236","3.0760379582903923",,,,"-2.673372154579137","-3.006654784151847","-3.3639947437581976","-2.8207280772415597","15.596627756160826","3.283578974123392","15.596627756160826","-13.233122883709965"
SBI Nifty 1D Rate ETF,LIQUIDSBI,"Debt",,"1000.01",,,"999.9671428571429",,"0","0",,,,"0","-0.33328262957271015","0.0010000100000990915","0.5442666765167368","0.002000020000198183","-12.311048762037236","0.002000020000198183","-28.827750619870592"
Edelweiss Gold ETF,EGOLD,"Gold",,"67.85",,,"65.97142857142856",,"41.96603425132231","3.82182626985724",,,,"1.0370370370370412","0.703754407464331","6.645817044566067","7.189083711082705","4.384615384615376","-7.928433397422058","4.384615384615376","-24.445135255255416"
Edelweiss Silver ETF,ESILVER,"Equity",,"75.88",,,"71.50928571428572",,"17.87343966141271","1.627725431991302",,,,"1.5499732763228173","1.216690646750107","4.109589041095891","4.652855707612528","-1.6461438755670903","-13.959192657604525","-1.6461438755670903","-30.475894515437883"
Baroda BNP Paribas Gold ETF,BBNPPGOLD,"Gold",,"65.6",,,"63.050000000000004",,"17.50419864981029","1.594098833166174",,,,"-17.620137299771166","-17.953419929343877","-12.832929782082328","-12.28966311556569","5.891848264729607","-6.4212005173078275","5.891848264729607","-22.937902375141185"
Tata Gold Exchange Traded Fund,TATAGOLD,"Gold",,"6.58",,,"5.979285714285714",,"32.18793837905293","2.931339848147181",,,,"2.735562310030391","2.402279680457681","8.856682769726246","9.399949436242885","-7.323943661971826","-19.63699244400926","-7.323943661971826","-36.15369430184262"
Tata Silver Exchange Traded Fund,TATSILV,"Equity",,"7.34",,,"7.066428571428571",,"31.853046456862966","2.9008414041406865",,,,"0.5412719891745608","0.2079893596018506","5.390070921985814","5.933337588502451","-9.158415841584162","-21.471464623621596","-9.158415841584162","-37.988166481454954"
Zerodha Nifty 1D Rate Liquid ETF,LIQUIDCASE,"Debt",,"101.28",,,"102.18571428571428",,"0","0",,,,"0.13840830449827046","-0.1948743250744397","0.5559416261292587","1.0992082926458964","1.057673119137899","-11.255375662899535","1.057673119137899","-27.772077520732893"
Bajaj Finserv Nifty Bank ETF,BANKBETF,"Equity",,"46.84",,,"48.24928571428572",,"14.369498947423319","1.3086232602552381",,,,"2.4562152926099925","2.1229326630372825","1.8255147527064306","2.368781419223068","2.6517641902257303","-9.661284591811704","2.6517641902257303","-26.17798644964506"
Bajaj Finserv Nifty 50 ETF,NIFTYBETF,"Equity",,"220.77",,,"226.97714285714284",,"11.224972160321826","1.022252739532623",,,,"-0.9753894784375691","-1.3086721080102792","-0.33631777484888836","0.20694889166774932","1.4334941419710565","-10.879554640066377","1.4334941419710565","-27.396256497899735"
UTI Nifty IT ETF,NIFITETF,"Equity",,"359.96",,,"381.43857142857144",,"37.343801795016525","3.4008818146079425",,,,"-3.743286931894085","-4.076569561466795","-3.930666666666669","-3.3874000001500315","-1.1451953972482398","-13.458244179285675","-1.1451953972482398","-29.974946037119032"
UTI Nifty 10 yr Benchmark G-Sec ETF,NIF10GETF,"Debt",,"22.77",,,"24.183571428571426",,"76.98835373983682","7.011291823141452",,,,"-0.652173913043472","-0.9854565426161822","-15.682656826568264","-15.139390160051626","-16.101694915254242","-28.414743697291676","-16.101694915254242","-44.93144555512504"
UTI Nifty 5 yr Benchmark G-Sec ETF,NIF5GETF,"Debt",,"55",,,"57.004285714285714",,"47.53921689360418","4.329373294706605",,,,"-1.327592393254399","-1.660875022827109","-16.679291016512654","-16.136024349996017","-12.54571474002226","-24.858763522059697","-12.54571474002226","-41.37546537989305"
HDFC Nifty PSU Bank ETF,HDFCPSUBK,"Equity",,"69.07",,,"74.05357142857143",,"29.598972508411826","2.6955639891054557",,,,"0.029239766081865525","-0.30404286349084464","-4.374563242487764","-3.831296575971127","2.7215942891136207","-9.591454492923813","2.7215942891136207","-26.10815635075717"
DSP Nifty Healthcare ETF,HEALTHADD,"Equity",,"119.19",,,"122.82285714285713",,"23.040029843874144","2.0982442798449195",,,,"-0.45797642269526934","-0.7912590522679794","-2.4355777223607586","-1.892311055844121","1.4728418184914047","-10.840206963546029","1.4728418184914047","-27.35690882137939"
LIC MF Nifty Midcap 100 ETF,LICNMID100,"Equity",,"47.25",,,"52.56357142857143",,"22.21523801357978","2.0231308901616107",,,,"-3.9950576606260393","-4.328340290198749","-4.857142857142862","-4.313876190626225","-2.4969046636401173","-14.809953445677552","-2.4969046636401173","-31.326655303510908"
Mirae Asset Nifty Smallcap 250 Momen.Quali. 100ETF,SMALLCAP,"Equity",,"42.18",,,"45.75785714285715",,"30.68762134487175","2.7947067076410046",,,,"1.2206797510770655","0.8873971215043553","-7.945145842403132","-7.401879175886495","-5.911220165068032","-18.224268947105465","-5.911220165068032","-34.740970804938826"
Zerodha Gold ETF,GOLDCASE,"Gold",,"10.62",,,"11.905",,"11.905880899790658","1.0842627663150648",,,,"3.598484848484839","3.265202218912129","-0.54545454545455","-0.00218787893791228","5.148514851485144","-7.16453393055229","5.148514851485144","-23.68123578838565"
Motilal Oswal Nifty Smallcap 250 ETF,MOSMALL250,"Equity",,"14.22",,,"0",,"7.937253933193772","0.7228418442100432",,,,"0","-0.33328262957271015","0","0.5432666665166377","1.2099644128113873","-11.103084369226046","1.2099644128113873","-27.619786227059404"
Motilal Oswal Nifty Realty ETF,MOREALTY,"Equity",,"87.78",,,"0",,"15.874507866387544","1.4456836884200863",,,,"0","-0.33328262957271015","0","0.5432666665166377","1.809324982602647","-10.503723799434788","1.809324982602647","-27.020425657268145"